,Depth,Sequence,actual_name,actual_counts,impurity
hsa-piR-12535,38.0,,hsa-piR-12535,34,None
hsa-piR-1408,140.0,,hsa-piR-1408,102,None
hsa-piR-14137,13.0,,hsa-piR-14137,34,None
hsa-piR-1510,128.0,,hsa-piR-1510,136,None
hsa-piR-1513,311.0,,hsa-piR-1513,294,None
hsa-piR-15181,1418.0,,hsa-piR-15181,900,None
hsa-piR-15182,966.0,,hsa-piR-15182,362,None
hsa-piR-15183,167.0,,hsa-piR-15183,168,None
hsa-piR-1612,20.0,,hsa-piR-1612,34,None
hsa-piR-20152,41.0,,hsa-piR-20152,42,None
hsa-piR-20260,42.0,,hsa-piR-20260,42,None
hsa-piR-20792,1333.0,,hsa-piR-20792,218,None
hsa-piR-21132,107.0,,hsa-piR-21132,54,None
hsa-piR-2130,40.0,,hsa-piR-2130,42,None
hsa-piR-22269,227.0,,hsa-piR-22269,204,None
hsa-piR-22273,53.0,,hsa-piR-22273,54,None
hsa-piR-23197,822.0,,hsa-piR-23197,776,None
hsa-piR-23780,52.0,,hsa-piR-23780,54,None
hsa-piR-23839,111.0,,hsa-piR-23839,84,None
hsa-piR-25077,40.0,,hsa-piR-25077,42,None
hsa-piR-26918,73.0,,hsa-piR-26918,42,None
hsa-piR-27587,41.0,,hsa-piR-27587,42,None
hsa-piR-27696,41.0,,hsa-piR-27696,42,None
hsa-piR-28117,201.0,,hsa-piR-28117,84,None
hsa-piR-29994,40.0,,hsa-piR-29994,42,None
hsa-piR-30603,133.0,,hsa-piR-30603,138,None
hsa-piR-31880,83.0,,hsa-piR-31880,84,None
hsa-piR-32002,174.0,,hsa-piR-32002,180,None
hsa-piR-3221,46.0,,hsa-piR-3221,42,None
hsa-piR-32652,212.0,,hsa-piR-32652,68,None
hsa-piR-32959,54.0,,hsa-piR-32959,54,None
hsa-piR-32986,23.0,,hsa-piR-32986,42,None
hsa-piR-6854,60.0,,hsa-piR-6854,54,None
hsa-piR-7374,42.0,,hsa-piR-7374,42,None
hsa-piR-7904,42.0,,hsa-piR-7904,42,None
hsa-piR-8920,134.0,,hsa-piR-8920,138,None
hsa-mir-200b,26.0,TAATACTGCCTGGTAATGATGA,hsa-miR-200b-3p,26,None
hsa-mir-30e,52.0,CTTTCAGTCGGATGTTTACAGC,hsa-miR-30e-3p,52,None
hsa-mir-556,27.0,ATATTACCATTAGCTCATCTT,hsa-miR-556-3p,27,None
hsa-mir-511,37.0,GTGTCTTTTGCTCTGCAGTCA,hsa-miR-511-5p,37,None
hsa-mir-605,31.0,AGAAGGCACTATGAGATTTAGA,hsa-miR-605-3p,31,None
hsa-mir-4676,48.0,CACTGTTTCACCACTGGCTCT,hsa-miR-4676-3p,48,None
hsa-mir-3158-1,57.0,CCTGCAGAGAGGAAGCCCTTC,hsa-miR-3158-5p,57,None
hsa-mir-3158-1*,57.0,CCTGCAGAGAGGAAGCCCTTC,hsa-miR-3158-5p,57,None
hsa-mir-146b,26.0,GCCCTGTGGACTCAGTTCTGG,hsa-miR-146b-3p,26,None
hsa-mir-146b*,26.0,GCCCTGTGGACTCAGTTCTGG,hsa-miR-146b-3p,26,None
hsa-mir-4687,48.0,TGGCTGTTGGAGGGGGCAGGC,hsa-miR-4687-3p,48,None
hsa-mir-1343,31.0,TGGGGAGCGGCCCCCGGGTGGG,hsa-miR-1343-5p,31,None
hsa-mir-200c,25.0,TAATACTGCCGGGTAATGA,hsa-miR-200c-3p,25,None
hsa-mir-6505,42.0,TTGGAATAGGGGATATCTCAGC,hsa-miR-6505-5p,42,None
hsa-mir-148b,46.0,AAGTTCTGTTATACACTCAGGC,hsa-miR-148b-5p,46,None
hsa-mir-1252,90.0,CAAATGAGCTTAATTTCCTTT,hsa-miR-1252-3p,90,None
hsa-mir-135a-2,46.0,TATGGCTTTTTATTCCTATGTGA,hsa-miR-135a-5p,46,None
hsa-mir-2276,52.0,GCCCTCTGTCACCTTGCAGACG,hsa-miR-2276-5p,52,None
hsa-mir-17,27.0,ACTGCAGTGAAGGCACTTGTAG,hsa-miR-17-3p,27,None
hsa-mir-19a,52.0,TGTGCAAATCTATGCAAAACTGA,hsa-miR-19a-3p,52,None
hsa-mir-20a,41.0,ACTGCATTATGAGCACTTAAAG,hsa-miR-20a-3p,41,None
hsa-mir-548as,57.0,TAAAACCCACAATTATGTTTG,hsa-miR-548as-3p,57,None
hsa-mir-548ar,57.0,TAAAACTGCAGTTATTTTTGC,hsa-miR-548ar-3p,57,None
hsa-mir-625,41.0,GACTATAGAACTTTCCCCCTCA,hsa-miR-625-3p,41,None
hsa-mir-345,57.0,GCCCTGAACGAGGGGTCTGGAG,hsa-miR-345-3p,57,None
hsa-mir-329-1,27.0,AACACACCTGGTTAACCTCTT,hsa-miR-329-3p,27,None
hsa-mir-329-2,27.0,AACACACCTGGTTAACCTCTT,hsa-miR-329-3p,27,None
hsa-mir-654,52.0,TATGTCTGCTGACCATCACCT,hsa-miR-654-3p,52,None
hsa-mir-381,41.0,AGCGAGGTTGCCCTTTGTATA,hsa-miR-381-5p,41,None
hsa-mir-381*,41.0,AGCGAGGTTGCCCTTTGTATA,hsa-miR-381-5p,41,None
hsa-mir-154,37.0,TAGGTTATCCGTGTTGCCTTCG,hsa-miR-154-5p,37,None
hsa-mir-190a,57.0,CTATATATCAAACATATTCC,hsa-miR-190a-3p,57,None
hsa-mir-7-2,78.0,CAACAAATCCCAGTCTACCTAA,hsa-miR-7-2-3p,78,None
hsa-mir-3177,26.0,TGCACGGCACTGGGGACACG,hsa-miR-3177-3p,26,None
hsa-mir-193b,52.0,CGGGGTTTTGAGGGCGAGATGA,hsa-miR-193b-5p,52,None
hsa-mir-365a,48.0,TAATGCCCCTAAAAATCCTTA,hsa-miR-365a-3p,48,None
hsa-mir-6770-1,89.0,CTGGCGGCTGTGTCTTCACAG,hsa-miR-6770-3p,89,None
hsa-mir-6770-2,89.0,CTGGCGGCTGTGTCTTCACAG,hsa-miR-6770-3p,89,None
hsa-mir-140,57.0,TACCACAGGGTAGAACCACGG,hsa-miR-140-3p,57,None
hsa-mir-193a,27.0,TGGGTCTTTGCGGGCGAGATGA,hsa-miR-193a-5p,27,None
hsa-mir-365b,48.0,TAATGCCCCTAAAAATCCTTA,hsa-miR-365a-3p,48,None
hsa-mir-548at,52.0,CAAAACCGCAGTAACTTTTG,hsa-miR-548at-3p,52,None
hsa-mir-21,57.0,TAGCTTATCAGACTGATGTTGA,hsa-miR-21-5p,57,None
hsa-mir-5583-1,79.0,AAACTAATATACCCATATTC,hsa-miR-5583-5p,79,None
hsa-mir-122,26.0,AACGCCATTATCACACTAAATA,hsa-miR-122-3p,26,None
hsa-mir-643,27.0,ACTTGTATGCTAGCTCAGGTAG,hsa-miR-643,27,None
hsa-mir-512-1,57.0,CACTCAGCCTTGAGGGCACTTTC,hsa-miR-512-5p,57,None
hsa-mir-512-2,57.0,CACTCAGCCTTGAGGGCACTTTC,hsa-miR-512-5p,57,None
hsa-mir-519c,93.0,CTCTAGAGGGAAGCGCTTTC,hsa-miR-523-5p,93,None
hsa-mir-519b,93.0,CTCTAGAGGGAAGCGCTTTC,hsa-miR-523-5p,93,None
hsa-mir-523,93.0,CTCTAGAGGGAAGCGCTTTC,hsa-miR-523-5p,93,None
hsa-mir-518e,93.0,CTCTAGAGGGAAGCGCTTTC,hsa-miR-523-5p,93,None
hsa-mir-522,93.0,CTCTAGAGGGAAGCGCTTTC,hsa-miR-523-5p,93,None
hsa-mir-519a-1,93.0,CTCTAGAGGGAAGCGCTTTC,hsa-miR-523-5p,93,None
hsa-mir-519a-2,78.0,AAAGTGCATCCTTTTAGAGTG,hsa-miR-519a-3p,78,None
hsa-mir-3126,31.0,CATCTGGCATCCGTCACACAGA,hsa-miR-3126-3p,31,None
hsa-mir-1245a,41.0,AAGTGATCTAAAGGCCTACA,hsa-miR-1245a,41,None
hsa-mir-3130-2,37.0,GCTGCACCGGAGACTGGGTAA,hsa-miR-3130-3p,37,None
hsa-mir-149,74.0,TCTGGCTCCGTGTCTTCACTCCC,hsa-miR-149-5p,74,None
hsa-mir-103a-2,104.0,AGCAGCATTGTACAGGGCTATGA,hsa-miR-103a-3p,104,None
hsa-mir-4755,48.0,AGCCAGGCTCTGAAGGGAAAG,hsa-miR-4755-3p,48,None
hsa-mir-548o-2,100.0,CCAAAACTGCAGTTACTTTTGC,hsa-miR-548o-3p,52,None
hsa-mir-548o-2,100.0,CCAAAACTGCAGTTACTTTTGC,hsa-miR-548av-3p,48,None
hsa-mir-3616,27.0,ATGAAGTGCACTCATGATATG,hsa-miR-3616-5p,27,None
hsa-mir-1-1,41.0,TGGAATGTAAAGAAGTATGTA,hsa-miR-1-3p,41,None
hsa-mir-133a-2,93.0,AGCTGGTAAAATGGAACCAAA,hsa-miR-133a-5p,93,None
hsa-mir-124-3,79.0,TAAGGCACGCGGTGAATGCCAA,hsa-miR-124-3p,79,None
hsa-mir-941-1,136.0,CACCCGGCTGTGTGCACATGTGC,hsa-miR-941,136,None
hsa-mir-941-2,136.0,CACCCGGCTGTGTGCACATGTGC,hsa-miR-941,136,None
hsa-mir-941-3,136.0,CACCCGGCTGTGTGCACATGTGC,hsa-miR-941,136,None
hsa-mir-941-4,136.0,CACCCGGCTGTGTGCACATGTGC,hsa-miR-941,136,None
hsa-mir-941-5,136.0,CACCCGGCTGTGTGCACATGTGC,hsa-miR-941,136,None
hsa-mir-99a,78.0,CAAGCTCGCTTCTATGGGTC,hsa-miR-99a-3p,78,None
hsa-let-7c,75.0,CTGTACAACCTTCTAGCTTTCC,hsa-let-7c-3p,75,None
hsa-mir-125b-2,88.0,TCCCTGAGACCCTAACTTGTGA,hsa-miR-125b-5p,88,None
hsa-mir-155,74.0,TTAATGCTAATCGTGATAGGGGT,hsa-miR-155-5p,74,None
hsa-mir-155*,74.0,TTAATGCTAATCGTGATAGGGGT,hsa-miR-155-5p,74,None
hsa-mir-185,52.0,AGGGGCTGGCTTTCCTCTGGTC,hsa-miR-185-3p,52,None
hsa-mir-33a,26.0,CAATGTTTCCACAGTGCATCAC,hsa-miR-33a-3p,26,None
hsa-mir-128-2,41.0,GGGGGCCGATACACTGTACGAGA,hsa-miR-128-2-5p,41,None
hsa-mir-26a-1,52.0,CCTATTCTTGGTTACTTGCACG,hsa-miR-26a-1-3p,52,None
hsa-mir-138-1,48.0,GCTACTTCACAACACCAGGGCC,hsa-miR-138-1-3p,48,None
hsa-mir-16-2,52.0,CCAATATTACTGTGCTGCTTTA,hsa-miR-16-2-3p,52,None
hsa-mir-28,57.0,CACTAGATTGTGAGCTCC,hsa-miR-28-3p,57,None
hsa-mir-218-1,22.0,ATGGTTCCGTCAAGCACCA,hsa-miR-218-1-3p,22,None
hsa-mir-574,68.0,CACGCTCATGCACACACCCACA,hsa-miR-574-3p,68,None
hsa-mir-548ah,48.0,AAAACTGCAGTTACTTTTGC,hsa-miR-548o-3p,52,None
hsa-mir-548ah,48.0,AAAACTGCAGTTACTTTTGC,hsa-miR-548av-3p,48,None
hsa-mir-577,27.0,TAGATAAAATATTGGTACC,hsa-miR-577,27,None
hsa-mir-3688-2,78.0,TATGGAAAGACTTTGCCACTC,hsa-miR-3688-3p,78,None
hsa-mir-143,27.0,TGAGATGAAGCACTGTAGCTC,hsa-miR-143-3p,27,None
hsa-mir-145,57.0,GTCCAGTTTTCCCAGGAATCCC,hsa-miR-145-5p,57,None
hsa-mir-548a-1,63.0,CAAAACTGGCAATTACTTTTGC,hsa-miR-548a-3p,63,None
hsa-mir-6834,27.0,TATGTCCCATCCCTCCATCA,hsa-miR-6834-3p,27,None
hsa-mir-133b,37.0,TTTGGTCCCCTTCAACCAGC,hsa-miR-133a-3p,37,None
hsa-mir-3144,88.0,ATATACCTGTTCGGTCTCTTTA,hsa-miR-3144-3p,88,None
hsa-mir-548h-5,31.0,AAAAGTAATCGCGGTTTTTGTC,hsa-miR-548h-5p,31,None
hsa-mir-548a-2,63.0,CAAAACTGGCAATTACTTTTGC,hsa-miR-548a-3p,63,None
hsa-mir-550a-1,57.0,AGTGCCTGAGGGAGTAAGAG,hsa-miR-550a-3-5p,57,None
hsa-mir-550a-2,57.0,AGTGCCTGAGGGAGTAAGAG,hsa-miR-550a-3-5p,57,None
hsa-mir-490,57.0,CCATGGATCTCCAGGTGGG,hsa-miR-490-5p,57,None
hsa-mir-597,46.0,TGGTTCTCTTGTGGCTCAAGCG,hsa-miR-597-3p,46,None
hsa-mir-486-2,31.0,CGGGGCAGCTCAGTACAGGA,hsa-miR-486-3p,31,None
hsa-mir-124-2,79.0,TAAGGCACGCGGTGAATGCCAA,hsa-miR-124-3p,79,None
hsa-mir-4662a,46.0,TTAGCCAATTGTCCATCTTTAG,hsa-miR-4662a-5p,46,None
hsa-mir-491,22.0,CTTATGCAAGATTCCCTTCTAC,hsa-miR-491-3p,22,None
hsa-mir-27b,57.0,AGAGCTTAGCTGATTGGTGAAC,hsa-miR-27b-5p,57,None
hsa-mir-24-1,31.0,TGGCTCAGTTCAGCAGGAACAG,hsa-miR-24-3p,31,None
hsa-mir-181a-2,52.0,AACATTCAACGCTGTCGGTGAG,hsa-miR-181a-5p,52,None
hsa-mir-219b,78.0,AGAATTGCGTTTGGACAATCAG,hsa-miR-219b-3p,78,None
hsa-mir-532,39.0,CCTCCCACACCCAAGGCTTGCA,hsa-miR-532-3p,39,None
hsa-mir-500a,50.0,TAATCCTTGCTACCTGGGTGAGA,hsa-miR-500a-5p,50,None
hsa-mir-500b,50.0,TAATCCTTGCTACCTGGGTGAGA,hsa-miR-500a-5p,50,None
hsa-mir-1912,26.0,CTCATTGCATGGGCTGTGTATA,hsa-miR-1912-5p,26,None
hsa-mir-664b,25.0,TTCATTTGCCTCCCAGCCTACA,hsa-miR-664b-3p,25,None
hsa-mir-34a,22.0,CAATCAGCAAGTATACTGCCC,hsa-miR-34a-3p,22,None
hsa-mir-6733,48.0,TCAGTGTCTGGATTTCCTAG,hsa-miR-6733-3p,48,None
hsa-mir-214,37.0,TGCCTGTCTACACTTGCTGTGC,hsa-miR-214-5p,37,None
hsa-mir-199a-2,82.0,ACAGTAGTCTGCACATTGGTTA,hsa-miR-199a-3p,82,None
hsa-mir-181a-1,52.0,AACATTCAACGCTGTCGGTGAG,hsa-miR-181a-5p,52,None
hsa-mir-29c,52.0,TGACCGATTTCTCCTGGTGTTC,hsa-miR-29c-5p,52,None
hsa-mir-29b-2,37.0,TAGCACCATTTGAAATCAGTGT,hsa-miR-29b-3p,37,None
hsa-mir-6741,41.0,TCGGCTCTCTCCCTCACCCTAG,hsa-miR-6741-3p,41,None
hsa-mir-6742,57.0,AGTGGGGTGGGACCCAGCTGT,hsa-miR-6742-5p,57,None
hsa-mir-1296,27.0,GAGTGGGGCTTCGACCCTAACC,hsa-miR-1296-3p,27,None
hsa-mir-3158-2,57.0,CCTGCAGAGAGGAAGCCCTTC,hsa-miR-3158-5p,57,None
hsa-mir-1307,52.0,ACTCGGCGTGGCGTCGGTCG,hsa-miR-1307-3p,52,None
hsa-mir-202,41.0,TTCCTATGCATATACTTCTT,hsa-miR-202-5p,41,None
hsa-mir-210,26.0,CTGTGCGTGTGACAGCGGCTGA,hsa-miR-210-3p,26,None
hsa-mir-675,41.0,CTGTATGCCCTCACCGCTCA,hsa-miR-675-3p,41,None
hsa-mir-483,52.0,TCACTCCTCTCCTCCCGTCT,hsa-miR-483-3p,52,None
hsa-mir-3664,37.0,AACTCTGTCTTCACTCATGAG,hsa-miR-3664-5p,37,None
hsa-mir-125b-1,88.0,TCCCTGAGACCCTAACTTGTGA,hsa-miR-125b-5p,88,None
hsa-let-7a-2,74.0,CTGTACAGCCTCCTAGCTTTCC,hsa-let-7a-2-3p,74,None
hsa-mir-26a-2,31.0,TTCAAGTAATCCAGGATAGGC,hsa-miR-26a-5p,31,None
hsa-mir-3059,90.0,TTTCCTCTCTGCCCCATAGGGTG,hsa-miR-3059-5p,90,None
hsa-mir-3613,48.0,ACAAAAAAAAAAGCCCAACCCTTC,hsa-miR-3613-3p,48,None
hsa-mir-2681,22.0,TATCATGGAGTTGGTAAAGCAC,hsa-miR-2681-3p,22,None
hsa-mir-5586,52.0,TATCCAGCTTGTTACTATATGC,hsa-miR-5586-5p,52,None
hsa-mir-548h-1,31.0,AAAAGTAATCGCGGTTTTTGTC,hsa-miR-548h-5p,31,None
hsa-mir-3173,48.0,AAAGGAGGAAATAGGCAGGCCA,hsa-miR-3173-3p,48,None
hsa-mir-1247,22.0,ACCCGTCCCGTTCGTCCCCGGA,hsa-miR-1247-5p,22,None
hsa-mir-211,22.0,GCAGGGACAGCAAAGGGGTGC,hsa-miR-211-3p,22,None
hsa-mir-3942,68.0,TTTCAGATAACAGTATTACA,hsa-miR-3942-3p,68,None
hsa-mir-627,48.0,GTGAGTCTCTAAGAAAAGAGGA,hsa-miR-627-5p,48,None
hsa-mir-1276,52.0,TAAAGAGCCCTGTGGAGACA,hsa-miR-1276,52,None
hsa-mir-548h-2,31.0,AAAAGTAATCGCGGTTTTTGTC,hsa-miR-548h-5p,31,None
hsa-mir-6770-3,89.0,CTGGCGGCTGTGTCTTCACAG,hsa-miR-6770-3p,89,None
hsa-mir-132,52.0,TAACAGTCTACAGCCATGGTCG,hsa-miR-132-3p,52,None
hsa-mir-212,41.0,ACCTTGGCTCTAGACTGCTTAC,hsa-miR-212-5p,41,None
hsa-mir-195,48.0,TAGCAGCACAGAAATATTGGC,hsa-miR-195-5p,48,None
hsa-mir-548h-3,31.0,AAAAGTAATCGCGGTTTTTGTC,hsa-miR-548h-5p,31,None
hsa-mir-10a,41.0,TACCCTGTAGATCCGAATTTG,hsa-miR-10a-5p,41,None
hsa-mir-454,37.0,TAGTGCAATATTGCTTATAGGG,hsa-miR-454-3p,37,None
hsa-mir-4524a,57.0,TGAGACAGGCTTATGCTGCTA,hsa-miR-4524a-3p,57,None
hsa-mir-133a-1,93.0,AGCTGGTAAAATGGAACCAAA,hsa-miR-133a-5p,93,None
hsa-mir-133a-1*,93.0,AGCTGGTAAAATGGAACCAAA,hsa-miR-133a-5p,93,None
hsa-mir-1-2,41.0,TGGAATGTAAAGAAGTATGTA,hsa-miR-1-3p,41,None
hsa-mir-5583-2,79.0,AAACTAATATACCCATATTC,hsa-miR-5583-5p,79,None
hsa-mir-122b,88.0,TTTAGTGTGATAATGGCGTTTGA,hsa-miR-122b-5p,88,None
hsa-mir-548av,48.0,AAAACTGCAGTTACTTTTGC,hsa-miR-548o-3p,52,None
hsa-mir-548av,48.0,AAAACTGCAGTTACTTTTGC,hsa-miR-548av-3p,48,None
hsa-mir-3940,22.0,GTGGGTTGGGGCGGGCTC,hsa-miR-3940-5p,22,None
hsa-mir-3940*,22.0,GTGGGTTGGGGCGGGCTC,hsa-miR-3940-5p,22,None
hsa-mir-199a-1,82.0,ACAGTAGTCTGCACATTGGTTA,hsa-miR-199a-3p,82,None
hsa-mir-24-2,37.0,TGCCTACTGAGCTGAAACACAG,hsa-miR-24-2-5p,37,None
hsa-mir-24-2*,37.0,TGCCTACTGAGCTGAAACACAG,hsa-miR-24-2-5p,37,None
hsa-mir-23a,48.0,ATCACATTGCCAGGGATTTCC,hsa-miR-23a-3p,48,None
hsa-mir-1301,26.0,TTGCAGCTGCCTGGGAGTGACTTC,hsa-miR-1301-3p,26,None
hsa-mir-216a,41.0,TCACAGTGGTCTCTGGGATTA,hsa-miR-216a-3p,41,None
hsa-mir-4433b,52.0,CAGGAGTGGGGGGTGGGACG,hsa-miR-4433b-3p,52,None
hsa-mir-4778,48.0,TCTTCTTCCTTTGCAGAGTTGA,hsa-miR-4778-3p,48,None
hsa-mir-3130-1,37.0,GCTGCACCGGAGACTGGGTAA,hsa-miR-3130-3p,37,None
hsa-mir-153-1,22.0,TTGCATAGTCACAAAAGTGATC,hsa-miR-153-3p,22,None
hsa-mir-2467,57.0,AGCAGAGGCAGAGAGGCTCAGG,hsa-miR-2467-3p,57,None
hsa-mir-296,52.0,AGGGCCCCCCCTCAATCCTG,hsa-miR-296-5p,52,None
hsa-mir-548j,27.0,AAAAGTAATTGCGGTCTTTGG,hsa-miR-548j-5p,27,None
hsa-mir-3928,52.0,GGAGGAACCTTGGAGCTTCGGC,hsa-miR-3928-3p,52,None
hsa-mir-659,41.0,CTTGGTTCAGGGAGGGTCCCCA,hsa-miR-659-3p,41,None
hsa-mir-1249,88.0,ACGCCCTTCCCCCCCTTCTTCA,hsa-miR-1249-3p,88,None
hsa-mir-885,26.0,TCCATTACACTACCCTGCCTC,hsa-miR-885-5p,26,None
hsa-mir-548ay,22.0,CAAAACCGCGATTACTCTTGCA,hsa-miR-548ay-3p,22,None
hsa-mir-135a-1,46.0,TATGGCTTTTTATTCCTATGTGA,hsa-miR-135a-5p,46,None
hsa-mir-4796,37.0,TGTCTATACTCTGTCACTTTAC,hsa-miR-4796-5p,37,None
hsa-mir-4802,48.0,TATGGAGGTTCTAGACCATGT,hsa-miR-4802-5p,48,None
hsa-mir-548g,57.0,AAAACTGTAATTACTTTTGTAC,hsa-miR-548g-3p,57,None
hsa-mir-3688-1,78.0,TATGGAAAGACTTTGCCACTC,hsa-miR-3688-3p,78,None
hsa-mir-579,22.0,TCGCGGTTTGTGCCAGATGACG,hsa-miR-579-5p,22,None
hsa-mir-449b,41.0,CAGCCACAACTACCCTGCCAC,hsa-miR-449b-3p,41,None
hsa-mir-449c,37.0,TTGCTAGTTGCACTCCTCTCTG,hsa-miR-449c-3p,37,None
hsa-mir-548p,48.0,AAAACTGCAGTTACTTTTGC,hsa-miR-548o-3p,52,None
hsa-mir-548p,48.0,AAAACTGCAGTTACTTTTGC,hsa-miR-548av-3p,48,None
hsa-mir-103a-1,104.0,AGCAGCATTGTACAGGGCTATGA,hsa-miR-103a-3p,104,None
hsa-mir-103a-1*,104.0,AGCAGCATTGTACAGGGCTATGA,hsa-miR-103a-3p,104,None
hsa-mir-585,41.0,CTAGCACACAGATACGCCCAGA,hsa-miR-585-5p,41,None
hsa-mir-340,78.0,TCCGTCTCAGTTACTTTATAGC,hsa-miR-340-3p,78,None
hsa-mir-6720,37.0,TTCCAGCCCTGGTAGGCGCCGCG,hsa-miR-6720-5p,37,None
hsa-mir-30c-2,41.0,CTGGGAGAAGGCTGTTTACTC,hsa-miR-30c-2-3p,41,None
hsa-mir-3939,48.0,TACGCGCAGACCACAGGATGTC,hsa-miR-3939,48,None
hsa-mir-3939*,48.0,TACGCGCAGACCACAGGATGTC,hsa-miR-3939,48,None
hsa-mir-589,52.0,TCAGAACAAATGCCGGTTCCCAGA,hsa-miR-589-3p,52,None
hsa-mir-589*,52.0,TCAGAACAAATGCCGGTTCCCAGA,hsa-miR-589-3p,52,None
hsa-mir-148a,41.0,TCAGTGCACTACAGAACTTTG,hsa-miR-148a-3p,41,None
hsa-mir-196b,48.0,TAGGTAGTTTCCTGTTGTTGGG,hsa-miR-196b-5p,48,None
hsa-mir-550a-3,57.0,AGTGCCTGAGGGAGTAAGAG,hsa-miR-550a-3-5p,57,None
hsa-mir-96,41.0,TTTGGCACTAGCACATTTTTGC,hsa-miR-96-5p,41,None
hsa-mir-29b-1,37.0,TAGCACCATTTGAAATCAGTGT,hsa-miR-29b-3p,37,None
hsa-mir-153-2,22.0,TTGCATAGTCACAAAAGTGATC,hsa-miR-153-3p,22,None
hsa-mir-4659b,25.0,TTTCTTCTTAGACATGGCAGC,hsa-miR-4659b-3p,25,None
hsa-mir-124-1,79.0,TAAGGCACGCGGTGAATGCCAA,hsa-miR-124-3p,79,None
hsa-mir-598,55.0,GCGGTGATCCCGATGGTGTGAGC,hsa-miR-598-5p,55,None
hsa-mir-486-1,31.0,CGGGGCAGCTCAGTACAGGA,hsa-miR-486-3p,31,None
hsa-mir-548a-3,63.0,CAAAACTGGCAATTACTTTTGC,hsa-miR-548a-3p,63,None
hsa-mir-30d,94.0,TGTAAACATCCCCGACTGGAAG,hsa-miR-30d-5p,94,None
hsa-mir-31,41.0,TGCTATGCCAACATATTGCCA,hsa-miR-31-3p,41,None
hsa-mir-876,37.0,TGGTGGTTTACAAAGTAATTCA,hsa-miR-876-3p,37,None
hsa-mir-873,48.0,GGAGACTGATGAGTTCCCGGGA,hsa-miR-873-3p,48,None
hsa-mir-199b,82.0,ACAGTAGTCTGCACATTGGTTA,hsa-miR-199a-3p,82,None
hsa-mir-548f-5,57.0,AAAACTGTAATTACTTTTGTAC,hsa-miR-548g-3p,57,None
hsa-mir-221,36.0,AGCTACATTGTCTGCTGGGTTTC,hsa-miR-221-3p,36,None
hsa-mir-221*,36.0,AGCTACATTGTCTGCTGGGTTTC,hsa-miR-221-3p,36,None
hsa-mir-20b,50.0,CAAAGTGCTCATAGTGCAGGTAG,hsa-miR-20b-5p,50,None
hsa-mir-450a-1,39.0,TTTTGCGATGTGTTCCTAATA,hsa-miR-450a-5p,39,None
hsa-mir-450a-2,39.0,TTTTGCGATGTGTTCCTAATA,hsa-miR-450a-5p,39,None
hsa-mir-508,39.0,TGATTGTAGCCTTTTGGAGTAGA,hsa-miR-508-3p,39,None
hsa-mir-509-2,21.0,TACTGCAGACAGTGGCAATCA,hsa-miR-509-5p,21,None
hsa-mir-509-1,21.0,TACTGCAGACAGTGGCAATCA,hsa-miR-509-5p,21,None
hsa-mir-105-1,46.0,TCAAATGCTCAGACTCCTGTGG,hsa-miR-105-5p,46,None
hsa-mir-105-2,46.0,TCAAATGCTCAGACTCCTGTGG,hsa-miR-105-5p,46,None
hsa-mir-548as-1,37.0,AAAAGTAATTGCGGGTTTTGCC,hsa-miR-548as-5p,37,None
hsa-miR-548o-1,48.0,AAAACTGCAGTTACTTTTGC,hsa-miR-548o-3p,52,None
hsa-miR-548o-1,48.0,AAAACTGCAGTTACTTTTGC,hsa-miR-548av-3p,48,None
hsa-mir-548as-2,37.0,AAAAGTAATTGCGGGTTTTGCC,hsa-miR-548as-5p,37,None
hsa-miR-28-1,57.0,CACTAGATTGTGAGCTCC,hsa-miR-28-3p,57,None
hsa-mir-548as-3,37.0,AAAAGTAATTGCGGGTTTTGCC,hsa-miR-548as-5p,37,None
hsa-miR-548o-2,48.0,AAAACTGCAGTTACTTTTGC,hsa-miR-548o-3p,52,None
hsa-miR-548o-2,48.0,AAAACTGCAGTTACTTTTGC,hsa-miR-548av-3p,48,None
hsa-mir-548as-4,37.0,AAAAGTAATTGCGGGTTTTGCC,hsa-miR-548as-5p,37,None
hsa-miR-548o-3,48.0,AAAACTGCAGTTACTTTTGC,hsa-miR-548o-3p,52,None
hsa-miR-548o-3,48.0,AAAACTGCAGTTACTTTTGC,hsa-miR-548av-3p,48,None
hsa-miR-548o-4,48.0,AAAACTGCAGTTACTTTTGC,hsa-miR-548o-3p,52,None
hsa-miR-548o-4,48.0,AAAACTGCAGTTACTTTTGC,hsa-miR-548av-3p,48,None
hsa-miR-548o-5,48.0,AAAACTGCAGTTACTTTTGC,hsa-miR-548o-3p,52,None
hsa-miR-548o-5,48.0,AAAACTGCAGTTACTTTTGC,hsa-miR-548av-3p,48,None
hsa-miR-548o-6,48.0,AAAACTGCAGTTACTTTTGC,hsa-miR-548o-3p,52,None
hsa-miR-548o-6,48.0,AAAACTGCAGTTACTTTTGC,hsa-miR-548av-3p,48,None
hsa-mir-548as-5,37.0,AAAAGTAATTGCGGGTTTTGCC,hsa-miR-548as-5p,37,None
hsa-mir-548as-6,37.0,AAAAGTAATTGCGGGTTTTGCC,hsa-miR-548as-5p,37,None
hsa-miR-941-1,136.0,CACCCGGCTGTGTGCACATGTGC,hsa-miR-941,136,None
hsa-miR-548o-7,48.0,AAAACTGCAGTTACTTTTGC,hsa-miR-548o-3p,52,None
hsa-miR-548o-7,48.0,AAAACTGCAGTTACTTTTGC,hsa-miR-548av-3p,48,None
hsa-mir-548as-7,37.0,AAAAGTAATTGCGGGTTTTGCC,hsa-miR-548as-5p,37,None
hsa-miR-574-1,41.0,TGAGTGTGTGTGTGTGAGTGTG,hsa-miR-574-5p,41,None
hsa-miR-548o-8,48.0,AAAACTGCAGTTACTTTTGC,hsa-miR-548o-3p,52,None
hsa-miR-548o-8,48.0,AAAACTGCAGTTACTTTTGC,hsa-miR-548av-3p,48,None
hsa-miR-548o-9,48.0,AAAACTGCAGTTACTTTTGC,hsa-miR-548o-3p,52,None
hsa-miR-548o-9,48.0,AAAACTGCAGTTACTTTTGC,hsa-miR-548av-3p,48,None
hsa-miR-548o-10,48.0,AAAACTGCAGTTACTTTTGC,hsa-miR-548o-3p,52,None
hsa-miR-548o-10,48.0,AAAACTGCAGTTACTTTTGC,hsa-miR-548av-3p,48,None
hsa-miR-574-2,41.0,TGAGTGTGTGTGTGTGAGTGTG,hsa-miR-574-5p,41,None
hsa-miR-574-3,41.0,TGAGTGTGTGTGTGTGAGTGTG,hsa-miR-574-5p,41,None
hsa-mir-548as-8,37.0,AAAAGTAATTGCGGGTTTTGCC,hsa-miR-548as-5p,37,None
hsa-mir-548as-9,37.0,AAAAGTAATTGCGGGTTTTGCC,hsa-miR-548as-5p,37,None
hsa-miR-548o-11,48.0,AAAACTGCAGTTACTTTTGC,hsa-miR-548o-3p,52,None
hsa-miR-548o-11,48.0,AAAACTGCAGTTACTTTTGC,hsa-miR-548av-3p,48,None
hsa-miR-548o-12,48.0,AAAACTGCAGTTACTTTTGC,hsa-miR-548o-3p,52,None
hsa-miR-548o-12,48.0,AAAACTGCAGTTACTTTTGC,hsa-miR-548av-3p,48,None
hsa-miR-548o-13,48.0,AAAACTGCAGTTACTTTTGC,hsa-miR-548o-3p,52,None
hsa-miR-548o-13,48.0,AAAACTGCAGTTACTTTTGC,hsa-miR-548av-3p,48,None
hsa-miR-548o-14,48.0,AAAACTGCAGTTACTTTTGC,hsa-miR-548o-3p,52,None
hsa-miR-548o-14,48.0,AAAACTGCAGTTACTTTTGC,hsa-miR-548av-3p,48,None
hsa-miR-548o-15,48.0,AAAACTGCAGTTACTTTTGC,hsa-miR-548o-3p,52,None
hsa-miR-548o-15,48.0,AAAACTGCAGTTACTTTTGC,hsa-miR-548av-3p,48,None
hsa-miR-548o-16,48.0,AAAACTGCAGTTACTTTTGC,hsa-miR-548o-3p,52,None
hsa-miR-548o-16,48.0,AAAACTGCAGTTACTTTTGC,hsa-miR-548av-3p,48,None
hsa-mir-548as-10,37.0,AAAAGTAATTGCGGGTTTTGCC,hsa-miR-548as-5p,37,None
hsa-miR-3940-1,22.0,GTGGGTTGGGGCGGGCTC,hsa-miR-3940-5p,22,None
hsa-miR-548o-17,48.0,AAAACTGCAGTTACTTTTGC,hsa-miR-548o-3p,52,None
hsa-miR-548o-17,48.0,AAAACTGCAGTTACTTTTGC,hsa-miR-548av-3p,48,None
hsa-miR-574-4,41.0,TGAGTGTGTGTGTGTGAGTGTG,hsa-miR-574-5p,41,None
hsa-miR-574-5,41.0,TGAGTGTGTGTGTGTGAGTGTG,hsa-miR-574-5p,41,None
hsa-miR-574-6,41.0,TGAGTGTGTGTGTGTGAGTGTG,hsa-miR-574-5p,41,None
hsa-miR-548o-18,48.0,AAAACTGCAGTTACTTTTGC,hsa-miR-548o-3p,52,None
hsa-miR-548o-18,48.0,AAAACTGCAGTTACTTTTGC,hsa-miR-548av-3p,48,None
hsa-miR-625-1,41.0,GACTATAGAACTTTCCCCCTCA,hsa-miR-625-3p,41,None
hsa-miR-548o-19,48.0,AAAACTGCAGTTACTTTTGC,hsa-miR-548o-3p,52,None
hsa-miR-548o-19,48.0,AAAACTGCAGTTACTTTTGC,hsa-miR-548av-3p,48,None
hsa-miR-548o-20,48.0,AAAACTGCAGTTACTTTTGC,hsa-miR-548o-3p,52,None
hsa-miR-548o-20,48.0,AAAACTGCAGTTACTTTTGC,hsa-miR-548av-3p,48,None
hsa-miR-548o-21,48.0,AAAACTGCAGTTACTTTTGC,hsa-miR-548o-3p,52,None
hsa-miR-548o-21,48.0,AAAACTGCAGTTACTTTTGC,hsa-miR-548av-3p,48,None
hsa-miR-664b-1,25.0,TTCATTTGCCTCCCAGCCTACA,hsa-miR-664b-3p,25,None
hsa-mir-548as-11,37.0,AAAAGTAATTGCGGGTTTTGCC,hsa-miR-548as-5p,37,None
hsa-miR-548o-22,48.0,AAAACTGCAGTTACTTTTGC,hsa-miR-548o-3p,52,None
hsa-miR-548o-22,48.0,AAAACTGCAGTTACTTTTGC,hsa-miR-548av-3p,48,None
hsa-mir-548as-12,37.0,AAAAGTAATTGCGGGTTTTGCC,hsa-miR-548as-5p,37,None
hsa-miR-4755-1,48.0,AGCCAGGCTCTGAAGGGAAAG,hsa-miR-4755-3p,48,None
hsa-miR-548o-23,48.0,AAAACTGCAGTTACTTTTGC,hsa-miR-548o-3p,52,None
hsa-miR-548o-23,48.0,AAAACTGCAGTTACTTTTGC,hsa-miR-548av-3p,48,None
hsa-miR-548o-24,48.0,AAAACTGCAGTTACTTTTGC,hsa-miR-548o-3p,52,None
hsa-miR-548o-24,48.0,AAAACTGCAGTTACTTTTGC,hsa-miR-548av-3p,48,None
hsa-miR-574-7,41.0,TGAGTGTGTGTGTGTGAGTGTG,hsa-miR-574-5p,41,None
hsa-miR-548o-25,48.0,AAAACTGCAGTTACTTTTGC,hsa-miR-548o-3p,52,None
hsa-miR-548o-25,48.0,AAAACTGCAGTTACTTTTGC,hsa-miR-548av-3p,48,None
hsa-miR-548o-26,48.0,AAAACTGCAGTTACTTTTGC,hsa-miR-548o-3p,52,None
hsa-miR-548o-26,48.0,AAAACTGCAGTTACTTTTGC,hsa-miR-548av-3p,48,None
hsa-miR-2964a-1,78.0,AGAATTGCGTTTGGACAATCAG,hsa-miR-219b-3p,78,None
hsa-miR-548o-27,48.0,AAAACTGCAGTTACTTTTGC,hsa-miR-548o-3p,52,None
hsa-miR-548o-27,48.0,AAAACTGCAGTTACTTTTGC,hsa-miR-548av-3p,48,None
hsa-miR-548o-28,48.0,AAAACTGCAGTTACTTTTGC,hsa-miR-548o-3p,52,None
hsa-miR-548o-28,48.0,AAAACTGCAGTTACTTTTGC,hsa-miR-548av-3p,48,None
hsa-miR-548o-29,48.0,AAAACTGCAGTTACTTTTGC,hsa-miR-548o-3p,52,None
hsa-miR-548o-29,48.0,AAAACTGCAGTTACTTTTGC,hsa-miR-548av-3p,48,None
hsa-miR-548o-30,48.0,AAAACTGCAGTTACTTTTGC,hsa-miR-548o-3p,52,None
hsa-miR-548o-30,48.0,AAAACTGCAGTTACTTTTGC,hsa-miR-548av-3p,48,None
hsa-mir-548as-13,37.0,AAAAGTAATTGCGGGTTTTGCC,hsa-miR-548as-5p,37,None
hsa-miR-548o-31,48.0,AAAACTGCAGTTACTTTTGC,hsa-miR-548o-3p,52,None
hsa-miR-548o-31,48.0,AAAACTGCAGTTACTTTTGC,hsa-miR-548av-3p,48,None
hsa-miR-548o-32,48.0,AAAACTGCAGTTACTTTTGC,hsa-miR-548o-3p,52,None
hsa-miR-548o-32,48.0,AAAACTGCAGTTACTTTTGC,hsa-miR-548av-3p,48,None
hsa-miR-548o-33,48.0,AAAACTGCAGTTACTTTTGC,hsa-miR-548o-3p,52,None
hsa-miR-548o-33,48.0,AAAACTGCAGTTACTTTTGC,hsa-miR-548av-3p,48,None
hsa-miR-548o-34,48.0,AAAACTGCAGTTACTTTTGC,hsa-miR-548o-3p,52,None
hsa-miR-548o-34,48.0,AAAACTGCAGTTACTTTTGC,hsa-miR-548av-3p,48,None
hsa-mir-548as-14,37.0,AAAAGTAATTGCGGGTTTTGCC,hsa-miR-548as-5p,37,None
hsa-miR-548o-35,48.0,AAAACTGCAGTTACTTTTGC,hsa-miR-548o-3p,52,None
hsa-miR-548o-35,48.0,AAAACTGCAGTTACTTTTGC,hsa-miR-548av-3p,48,None
hsa-mir-548as-15,37.0,AAAAGTAATTGCGGGTTTTGCC,hsa-miR-548as-5p,37,None
hsa-miR-574-8,41.0,TGAGTGTGTGTGTGTGAGTGTG,hsa-miR-574-5p,41,None
novelMiR_1,34.0,AAAAGTAATCGCAGTTTT,novelMiR_43,34,None
novelMiR_2,28.0,CAAAAATCGCAATTACTTT,novelMiR_583,28,None
novelMiR_3,76.0,AAGTGATTGCGGTTTTTGCCA,novelMiR_168,76,None
novelMiR_2-7,28.0,CAAAAATCGCAATTACTTT,novelMiR_583,28,None
novelMiR_2-19,28.0,CAAAAATCGCAATTACTTT,novelMiR_583,28,None
novelMiR_2-11,28.0,CAAAAATCGCAATTACTTT,novelMiR_583,28,None
novelMiR_1-2,34.0,AAAAGTAATCGCAGTTTT,novelMiR_43,34,None
novelMiR_2-31,28.0,CAAAAATCGCAATTACTTT,novelMiR_583,28,None
novelMiR_10,42.0,TCGCTCTGCCCTCCACCCATC,novelMiR_58,42,None
novelMiR_11,182.0,GGCGGCGGCGGCGGCGGGGG,novelMiR_410,182,None
novelMiR_3-1,76.0,AAGTGATTGCGGTTTTTGCCA,novelMiR_168,76,None
novelMiR_13,42.0,TTAATATGTACTGACAAAGCG,novelMiR_66,42,None
novelMiR_14,28.0,ATCTCGCTGGGGCCTCCA,novelMiR_83,28,None
novelMiR_16,54.0,AAAGGGAAAGGTAAGAAGAAA,novelMiR_90,54,None
novelMiR_18,84.0,TGGCCCAAGACCCCAGACCACA,novelMiR_106,42,None
novelMiR_20,68.0,GGGGCTCAGTCGGCTGCTGCGG,novelMiR_109,34,None
novelMiR_3-9,76.0,AAGTGATTGCGGTTTTTGCCA,novelMiR_168,76,None
novelMiR_23,54.0,CAAAAGTAGTTGTGGTTTTTGC,novelMiR_820,54,None
novelMiR_1-6,34.0,AAAAGTAATCGCAGTTTT,novelMiR_43,34,None
novelMiR_11-4,182.0,GGCGGCGGCGGCGGCGGGGG,novelMiR_410,182,None
novelMiR_23-2,54.0,CAAAAGTAGTTGTGGTTTTTGC,novelMiR_820,54,None
novelMiR_29,24.0,AAAAGTAACTGCAGTTTTTGCC,novelMiR_641,24,None
novelMiR_11-7,182.0,GGCGGCGGCGGCGGCGGGGG,novelMiR_410,182,None
novelMiR_31,34.0,TATGTGCCTAGTGGCTGCTGTC,novelMiR_148,34,None
novelMiR_11-18,182.0,GGCGGCGGCGGCGGCGGGGG,novelMiR_410,182,None
novelMiR_33,42.0,GTAGGATACACTGGTTAAGCAC,novelMiR_151,42,None
novelMiR_11-2,182.0,GGCGGCGGCGGCGGCGGGGG,novelMiR_410,182,None
novelMiR_36,42.0,CAACATAGCAATACTCCATC,novelMiR_167,42,None
novelMiR_3-4,76.0,AAGTGATTGCGGTTTTTGCCA,novelMiR_168,76,None
novelMiR_1-7,34.0,AAAAGTAATCGCAGTTTT,novelMiR_43,34,None
novelMiR_39,28.0,TTGCGGCCCAGCGCCTGGAC,novelMiR_184,28,None
novelMiR_40,42.0,TTCTCATCGGAACTGAGGTCC,novelMiR_193,42,None
novelMiR_41,34.0,CGCCGCCCAGGCAAGGCCGCCC,novelMiR_194,34,None
novelMiR_11-23,182.0,GGCGGCGGCGGCGGCGGGGG,novelMiR_410,182,None
novelMiR_29-5,24.0,AAAAGTAACTGCAGTTTTTGCC,novelMiR_641,24,None
novelMiR_44,27.0,TGAGAAGGCACAGCTTGCACGTGA,hsa-miR-6770-5p,27,None
novelMiR_11-15,182.0,GGCGGCGGCGGCGGCGGGGG,novelMiR_410,182,None
novelMiR_47,28.0,ATGAGTTTGTAGAGTAATTTGGC,novelMiR_230,28,None
novelMiR_11-9,182.0,GGCGGCGGCGGCGGCGGGGG,novelMiR_410,182,None
novelMiR_49,42.0,GACACGGGAAAGAATAAGAAGCCA,novelMiR_243,42,None
novelMiR_50,68.0,ACGTGGACTCCAGACTCTCTG,novelMiR_246,34,None
novelMiR_52,42.0,TCCCGGCGGCGGCGGCGGC,novelMiR_272,42,None
novelMiR_54,28.0,AACGCTGCGACCTAGATGTATTC,novelMiR_281,28,None
novelMiR_2-24,28.0,CAAAAATCGCAATTACTTT,novelMiR_583,28,None
novelMiR_3-5,76.0,AAGTGATTGCGGTTTTTGCCA,novelMiR_168,76,None
novelMiR_57,34.0,CTGCAGCGAGGGTCTGGC,novelMiR_303,34,None
novelMiR_23-8,54.0,CAAAAGTAGTTGTGGTTTTTGC,novelMiR_820,54,None
novelMiR_59,42.0,TCTGTCCACCTTGCTTCTTCAGG,novelMiR_310,42,None
novelMiR_60,82.0,TTCCAGGTGGGGCTGAGCTGTC,novelMiR_1003,82,None
novelMiR_61,42.0,TTAGTGGCTCCCTCTGCCTGCA,novelMiR_315,42,None
novelMiR_1-21,34.0,AAAAGTAATCGCAGTTTT,novelMiR_43,34,None
novelMiR_64,42.0,ATGGGGGCTCACAGCCCCTGGGCA,novelMiR_327,42,None
novelMiR_65,34.0,TCCCTGTGTGGATGGTGTC,novelMiR_330,34,None
novelMiR_11-5,182.0,GGCGGCGGCGGCGGCGGGGG,novelMiR_410,182,None
novelMiR_11-17,182.0,GGCGGCGGCGGCGGCGGGGG,novelMiR_410,182,None
novelMiR_29-9,24.0,AAAAGTAACTGCAGTTTTTGCC,novelMiR_641,24,None
novelMiR_29-11,24.0,AAAAGTAACTGCAGTTTTTGCC,novelMiR_641,24,None
novelMiR_1-4,34.0,AAAAGTAATCGCAGTTTT,novelMiR_43,34,None
novelMiR_71,42.0,CATGTAAAAATCCATTCTAGCC,novelMiR_1032,42,None
novelMiR_2-15,28.0,CAAAAATCGCAATTACTTT,novelMiR_583,28,None
novelMiR_23-10,54.0,CAAAAGTAGTTGTGGTTTTTGC,novelMiR_820,54,None
novelMiR_23-15,54.0,CAAAAGTAGTTGTGGTTTTTGC,novelMiR_820,54,None
novelMiR_78,42.0,GCTCTGCTGGCGGCTGGAGGG,novelMiR_363,42,None
novelMiR_11-26,182.0,GGCGGCGGCGGCGGCGGGGG,novelMiR_410,182,None
novelMiR_81,28.0,TGTGAGAGTATGTTCGCATC,novelMiR_371,28,None
novelMiR_83,164.0,GGCGACCGGCCGCCGCCGGGC,novelMiR_397,82,None
novelMiR_85,42.0,GGCGCGCGGGTCGGGGCGGCGGC,novelMiR_379,42,None
novelMiR_11-14,182.0,GGCGGCGGCGGCGGCGGGGG,novelMiR_410,182,None
novelMiR_83-1,164.0,GGCGACCGGCCGCCGCCGGGC,novelMiR_397,82,None
novelMiR_85-2,42.0,GGCGCGCGGGTCGGGGCGGCGGC,novelMiR_379,42,None
novelMiR_11-22,182.0,GGCGGCGGCGGCGGCGGGGG,novelMiR_410,182,None
novelMiR_83-2,164.0,GGCGACCGGCCGCCGCCGGGC,novelMiR_397,82,None
novelMiR_85-3,42.0,GGCGCGCGGGTCGGGGCGGCGGC,novelMiR_379,42,None
novelMiR_11-25,182.0,GGCGGCGGCGGCGGCGGGGG,novelMiR_410,182,None
novelMiR_83-3,164.0,GGCGACCGGCCGCCGCCGGGC,novelMiR_397,82,None
novelMiR_85-1,42.0,GGCGCGCGGGTCGGGGCGGCGGC,novelMiR_379,42,None
novelMiR_11-12,364.0,GGCGGCGGCGGCGGCGGGGG,novelMiR_410,182,None
novelMiR_23-14,54.0,CAAAAGTAGTTGTGGTTTTTGC,novelMiR_820,54,None
novelMiR_3-10,76.0,AAGTGATTGCGGTTTTTGCCA,novelMiR_168,76,None
novelMiR_105,34.0,CCCGGGCCTGGGTACTCAGCTC,novelMiR_422,34,None
novelMiR_107,42.0,AGGCCTGGGAGGAACCTGCTCAG,novelMiR_428,42,None
novelMiR_107-1,42.0,AGGCCTGGGAGGAACCTGCTCAG,novelMiR_428,42,None
novelMiR_109,34.0,TCACAGCTGCTTCTCTGTCCTGC,novelMiR_429,34,None
novelMiR_11-24,182.0,GGCGGCGGCGGCGGCGGGGG,novelMiR_410,182,None
novelMiR_112,34.0,ATTAGCAGGAGAAGAACTTTC,novelMiR_449,34,None
novelMiR_113,42.0,AACAGAACTTGAAATGTGGC,novelMiR_456,42,None
novelMiR_2-13,28.0,CAAAAATCGCAATTACTTT,novelMiR_583,28,None
novelMiR_3-8,76.0,AAGTGATTGCGGTTTTTGCCA,novelMiR_168,76,None
novelMiR_117,42.0,TGGAAATCATGCTGACAG,novelMiR_825,42,None
novelMiR_2-26,28.0,CAAAAATCGCAATTACTTT,novelMiR_583,28,None
novelMiR_14-1,28.0,ATCTCGCTGGGGCCTCCA,novelMiR_83,28,None
novelMiR_23-1,54.0,CAAAAGTAGTTGTGGTTTTTGC,novelMiR_820,54,None
novelMiR_23-12,54.0,CAAAAGTAGTTGTGGTTTTTGC,novelMiR_820,54,None
novelMiR_123,42.0,ATAGGTATATAGTGCAAAAACT,novelMiR_479,42,None
novelMiR_125,42.0,AAAAGTAATCGCTGTTTT,novelMiR_967,42,None
novelMiR_3-3,76.0,AAGTGATTGCGGTTTTTGCCA,novelMiR_168,76,None
novelMiR_128,28.0,TAAAGTAATCGTGGGTTTTGCCA,novelMiR_498,28,None
novelMiR_11-1,182.0,GGCGGCGGCGGCGGCGGGGG,novelMiR_410,182,None
novelMiR_29-3,24.0,AAAAGTAACTGCAGTTTTTGCC,novelMiR_641,24,None
novelMiR_131,42.0,TCCTCCAGCGGATCCCGCTCCTCG,novelMiR_504,42,None
novelMiR_132,28.0,TATCGGAGACCAAATAAGTA,novelMiR_520,28,None
novelMiR_1-18,34.0,AAAAGTAATCGCAGTTTT,novelMiR_43,34,None
novelMiR_134,28.0,GGGGATGTAGCTCAGTGGTAGAG,novelMiR_1188,28,None
novelMiR_11-3,364.0,GGCGGCGGCGGCGGCGGGGG,novelMiR_410,182,None
novelMiR_138,42.0,TGATCCCTTATGTTCTCCTAGA,novelMiR_537,42,None
novelMiR_1-14,34.0,AAAAGTAATCGCAGTTTT,novelMiR_43,34,None
novelMiR_142,34.0,AGAATATGGGAGTCTGTGGC,novelMiR_540,34,None
novelMiR_29-13,24.0,AAAAGTAACTGCAGTTTTTGCC,novelMiR_641,24,None
novelMiR_1-9,34.0,AAAAGTAATCGCAGTTTT,novelMiR_43,34,None
novelMiR_1-1,34.0,AAAAGTAATCGCAGTTTT,novelMiR_43,34,None
novelMiR_1-19,34.0,AAAAGTAATCGCAGTTTT,novelMiR_43,34,None
novelMiR_2-6,28.0,CAAAAATCGCAATTACTTT,novelMiR_583,28,None
novelMiR_153,42.0,GTGGGGGAGGCAGGCAGGGGTC,novelMiR_1217,42,None
novelMiR_154,42.0,GTGGGGGAGGCAGGCAGGGGTC,novelMiR_1217,42,None
novelMiR_11-6,182.0,GGCGGCGGCGGCGGCGGGGG,novelMiR_410,182,None
novelMiR_156,42.0,GCCATTGATGATCGTTCTTC,novelMiR_566,42,None
novelMiR_3-6,76.0,AAGTGATTGCGGTTTTTGCCA,novelMiR_168,76,None
novelMiR_1-3,34.0,AAAAGTAATCGCAGTTTT,novelMiR_43,34,None
novelMiR_160,42.0,GTGGGGGAGGCAGGCAGGGGTC,novelMiR_1217,42,None
novelMiR_161,54.0,GCGGCGGAGGCGGCGGTGGCGGC,novelMiR_1021,54,None
novelMiR_2-9,28.0,CAAAAATCGCAATTACTTT,novelMiR_583,28,None
novelMiR_2-4,28.0,CAAAAATCGCAATTACTTT,novelMiR_583,28,None
novelMiR_11-10,182.0,GGCGGCGGCGGCGGCGGGGG,novelMiR_410,182,None
novelMiR_23-9,54.0,CAAAAGTAGTTGTGGTTTTTGC,novelMiR_820,54,None
novelMiR_1-10,34.0,AAAAGTAATCGCAGTTTT,novelMiR_43,34,None
novelMiR_29-1,24.0,AAAAGTAACTGCAGTTTTTGCC,novelMiR_641,24,None
novelMiR_172,28.0,TGAGCGCACAGTCCGGGTCCCCGC,novelMiR_601,28,None
novelMiR_172-1,28.0,TGAGCGCACAGTCCGGGTCCCCGC,novelMiR_601,28,None
novelMiR_125-1,42.0,AAAAGTAATCGCTGTTTT,novelMiR_967,42,None
novelMiR_2-18,28.0,CAAAAATCGCAATTACTTT,novelMiR_583,28,None
novelMiR_23-13,54.0,CAAAAGTAGTTGTGGTTTTTGC,novelMiR_820,54,None
novelMiR_11-16,182.0,GGCGGCGGCGGCGGCGGGGG,novelMiR_410,182,None
novelMiR_178,42.0,GTCATTGAGATGCTTGTAGGAC,novelMiR_615,42,None
novelMiR_29-12,24.0,AAAAGTAACTGCAGTTTTTGCC,novelMiR_641,24,None
novelMiR_180,34.0,TCCTCTACACCTGCCGCCGCC,novelMiR_618,34,None
novelMiR_2-10,28.0,CAAAAATCGCAATTACTTT,novelMiR_583,28,None
novelMiR_1-15,34.0,AAAAGTAATCGCAGTTTT,novelMiR_43,34,None
novelMiR_11-8,182.0,GGCGGCGGCGGCGGCGGGGG,novelMiR_410,182,None
novelMiR_184,34.0,TTAGTTGAACAGGGCCCTGAA,novelMiR_637,34,None
novelMiR_1-8,34.0,AAAAGTAATCGCAGTTTT,novelMiR_43,34,None
novelMiR_29-2,24.0,AAAAGTAACTGCAGTTTTTGCC,novelMiR_641,24,None
novelMiR_187,38.0,CTACAGTAGGCACAGAATCCCA,novelMiR_643,38,None
novelMiR_188,28.0,CCCGCCTGATCGTCTTACCACC,novelMiR_644,28,None
novelMiR_192,25.0,CTACGCAATGGCCTCCCCAGGCA,novelMiR_660,25,None
novelMiR_193,84.0,ATGGCGGGCTGCGCGGCGCGGG,novelMiR_674,42,None
novelMiR_11-11,182.0,GGCGGCGGCGGCGGCGGGGG,novelMiR_410,182,None
novelMiR_1-11,34.0,AAAAGTAATCGCAGTTTT,novelMiR_43,34,None
novelMiR_2-27,28.0,CAAAAATCGCAATTACTTT,novelMiR_583,28,None
novelMiR_2-5,28.0,CAAAAATCGCAATTACTTT,novelMiR_583,28,None
novelMiR_29-14,24.0,AAAAGTAACTGCAGTTTTTGCC,novelMiR_641,24,None
novelMiR_2-14,28.0,CAAAAATCGCAATTACTTT,novelMiR_583,28,None
novelMiR_3-12,76.0,AAGTGATTGCGGTTTTTGCCA,novelMiR_168,76,None
novelMiR_2-32,28.0,CAAAAATCGCAATTACTTT,novelMiR_583,28,None
novelMiR_203,56.0,TCTGTGCAGTACTCACCCCCTCC,novelMiR_732,28,None
novelMiR_205,54.0,CTTTGGGAAGCGAACCTGCC,novelMiR_733,54,None
novelMiR_206,42.0,ACGCGAGCCTCGAGACGTCTGAC,novelMiR_737,42,None
novelMiR_23-6,54.0,CAAAAGTAGTTGTGGTTTTTGC,novelMiR_820,54,None
novelMiR_209,68.0,ATCCCCAGGCGCCGGCTCTGCGG,novelMiR_749,34,None
novelMiR_16-1,54.0,AAAGGGAAAGGTAAGAAGAAA,novelMiR_90,54,None
novelMiR_36-1,42.0,CAACATAGCAATACTCCATC,novelMiR_167,42,None
novelMiR_214,28.0,CAGGACCTCTGTGCTTTCACC,novelMiR_780,28,None
novelMiR_215,54.0,AGCCTCCCCGCACTGACTGTCG,novelMiR_793,54,None
novelMiR_2-20,28.0,CAAAAATCGCAATTACTTT,novelMiR_583,28,None
novelMiR_217,42.0,TCAGCGTTGGTTCCCGTCTTGGCC,novelMiR_804,42,None
novelMiR_23-7,108.0,CAAAAGTAGTTGTGGTTTTTGC,novelMiR_820,54,None
novelMiR_117-1,42.0,TGGAAATCATGCTGACAG,novelMiR_825,42,None
novelMiR_23-3,54.0,CAAAAGTAGTTGTGGTTTTTGC,novelMiR_820,54,None
novelMiR_1-16,34.0,AAAAGTAATCGCAGTTTT,novelMiR_43,34,None
novelMiR_223,34.0,ACCGAGGGGTCTTCCAGGAACTC,novelMiR_837,34,None
novelMiR_134-3,28.0,GGGGATGTAGCTCAGTGGTAGAG,novelMiR_1188,28,None
novelMiR_2-28,28.0,CAAAAATCGCAATTACTTT,novelMiR_583,28,None
novelMiR_2-2,28.0,CAAAAATCGCAATTACTTT,novelMiR_583,28,None
novelMiR_228,54.0,GGTAGAAATCCAGAATCTGAGGC,novelMiR_852,54,None
novelMiR_3-7,76.0,AAGTGATTGCGGTTTTTGCCA,novelMiR_168,76,None
novelMiR_23-4,54.0,CAAAAGTAGTTGTGGTTTTTGC,novelMiR_820,54,None
novelMiR_29-18,24.0,AAAAGTAACTGCAGTTTTTGCC,novelMiR_641,24,None
novelMiR_23-5,54.0,CAAAAGTAGTTGTGGTTTTTGC,novelMiR_820,54,None
novelMiR_237,54.0,TGTCAACATACAGGGATTTAGA,novelMiR_868,54,None
novelMiR_239,42.0,CCCTGTTCTTCTCTGGGCGCT,novelMiR_873,42,None
novelMiR_241,56.0,GTGCACGTGAGGATGGCTCTGA,novelMiR_886,28,None
novelMiR_244,108.0,TAGGTGGGTCCACGCTGCTCTGC,novelMiR_894,54,None
novelMiR_246,42.0,TTTGTTATTTCTGTATTCAAGA,novelMiR_899,42,None
novelMiR_29-7,24.0,AAAAGTAACTGCAGTTTTTGCC,novelMiR_641,24,None
novelMiR_2-8,28.0,CAAAAATCGCAATTACTTT,novelMiR_583,28,None
novelMiR_23-11,54.0,CAAAAGTAGTTGTGGTTTTTGC,novelMiR_820,54,None
novelMiR_251,108.0,TGTCTGTGTGGACGTGCAGGAGGC,novelMiR_911,54,None
novelMiR_251-1,108.0,TGTCTGTGTGGACGTGCAGGAGGC,novelMiR_911,54,None
novelMiR_251-2,108.0,TGTCTGTGTGGACGTGCAGGAGGC,novelMiR_911,54,None
novelMiR_44-1,27.0,TGAGAAGGCACAGCTTGCACGTGA,hsa-miR-6770-5p,27,None
novelMiR_44-2,27.0,TGAGAAGGCACAGCTTGCACGTGA,hsa-miR-6770-5p,27,None
novelMiR_44-3,27.0,TGAGAAGGCACAGCTTGCACGTGA,hsa-miR-6770-5p,27,None
novelMiR_29-15,24.0,AAAAGTAACTGCAGTTTTTGCC,novelMiR_641,24,None
novelMiR_261,34.0,ACCATTTCTGACCCTTGACTCC,novelMiR_928,34,None
novelMiR_11-27,182.0,GGCGGCGGCGGCGGCGGGGG,novelMiR_410,182,None
novelMiR_264,28.0,TTAATGACTTGTGATCAAAACAT,novelMiR_937,28,None
novelMiR_265,166.0,AAATGCATGGAGAGCTCCCGTGA,novelMiR_1294,166,None
novelMiR_266,54.0,TCCTCTTAGAATCCCCAAACCA,novelMiR_950,54,None
novelMiR_267,42.0,CACAATGGACTTGGACTTCAG,novelMiR_960,42,None
novelMiR_1-13,34.0,AAAAGTAATCGCAGTTTT,novelMiR_43,34,None
novelMiR_269,54.0,TGCACAACATGTTTTTAAGGAC,novelMiR_965,54,None
novelMiR_29-10,24.0,AAAAGTAACTGCAGTTTTTGCC,novelMiR_641,24,None
novelMiR_60-1,82.0,TTCCAGGTGGGGCTGAGCTGTC,novelMiR_1003,82,None
novelMiR_272,28.0,AATCCTCACTTTGAATCCATGT,novelMiR_1008,28,None
novelMiR_161-1,54.0,GCGGCGGAGGCGGCGGTGGCGGC,novelMiR_1021,54,None
novelMiR_71-1,42.0,CATGTAAAAATCCATTCTAGCC,novelMiR_1032,42,None
novelMiR_2-33,28.0,CAAAAATCGCAATTACTTT,novelMiR_583,28,None
novelMiR_1-12,34.0,AAAAGTAATCGCAGTTTT,novelMiR_43,34,None
novelMiR_281,42.0,ACAAAAGTCATTGCAGTTTT,novelMiR_1243,42,None
novelMiR_2-1,28.0,CAAAAATCGCAATTACTTT,novelMiR_583,28,None
novelMiR_2-21,28.0,CAAAAATCGCAATTACTTT,novelMiR_583,28,None
novelMiR_284,108.0,GCCGCGGCGTCGGGAGGCTGC,novelMiR_1045,54,None
novelMiR_287,34.0,TCTGTCCTGGGACGCTTGGTGTCC,novelMiR_1053,34,None
novelMiR_11-13,182.0,GGCGGCGGCGGCGGCGGGGG,novelMiR_410,182,None
novelMiR_2-3,28.0,CAAAAATCGCAATTACTTT,novelMiR_583,28,None
novelMiR_2-29,28.0,CAAAAATCGCAATTACTTT,novelMiR_583,28,None
novelMiR_292,28.0,CCTCATAGCAGCGTTCTGGAATC,novelMiR_1075,28,None
novelMiR_293,54.0,AATGGACATTTCCCTGAAGGCC,novelMiR_1082,54,None
novelMiR_294,42.0,TGTGGGGGAGGAGGAGAGGTC,novelMiR_1087,42,None
novelMiR_295,42.0,ATTGGAAGACACTCTGCGACAG,novelMiR_1115,42,None
novelMiR_296,108.0,TTGACTCGGGGCCCTCACTCTGGG,novelMiR_1101,54,None
novelMiR_113-1,42.0,AACAGAACTTGAAATGTGGC,novelMiR_456,42,None
novelMiR_2-34,28.0,CAAAAATCGCAATTACTTT,novelMiR_583,28,None
novelMiR_295-1,42.0,ATTGGAAGACACTCTGCGACAG,novelMiR_1115,42,None
novelMiR_304,54.0,TATGATTATATGATATGGACC,novelMiR_1130,54,None
novelMiR_305,84.0,CATAAACTGCATGCCTGCACACC,novelMiR_1136,42,None
novelMiR_29-17,24.0,AAAAGTAACTGCAGTTTTTGCC,novelMiR_641,24,None
novelMiR_2-22,28.0,CAAAAATCGCAATTACTTT,novelMiR_583,28,None
novelMiR_312,34.0,ACCATTTTAAACGTATTATT,novelMiR_1149,34,None
novelMiR_3-11,76.0,AAGTGATTGCGGTTTTTGCCA,novelMiR_168,76,None
novelMiR_315,54.0,AGCCCTGTTCCCTCCATCCTGGC,novelMiR_1155,54,None
novelMiR_316,42.0,TTCTACATATGCACTAATAAACC,novelMiR_1160,42,None
novelMiR_2-30,28.0,CAAAAATCGCAATTACTTT,novelMiR_583,28,None
novelMiR_318,34.0,GACTCCGTGCGTGTTCGCTCTGCC,novelMiR_1172,34,None
novelMiR_29-4,24.0,AAAAGTAACTGCAGTTTTTGCC,novelMiR_641,24,None
novelMiR_138-1,42.0,TGATCCCTTATGTTCTCCTAGA,novelMiR_537,42,None
novelMiR_134-2,28.0,GGGGATGTAGCTCAGTGGTAGAG,novelMiR_1188,28,None
novelMiR_134-1,28.0,GGGGATGTAGCTCAGTGGTAGAG,novelMiR_1188,28,None
novelMiR_142-1,34.0,AGAATATGGGAGTCTGTGGC,novelMiR_540,34,None
novelMiR_2-16,28.0,CAAAAATCGCAATTACTTT,novelMiR_583,28,None
novelMiR_328,108.0,GTGATGGGATGGGCTGTTGAC,novelMiR_1201,54,None
novelMiR_1-5,34.0,AAAAGTAATCGCAGTTTT,novelMiR_43,34,None
novelMiR_333,42.0,AGATCCTCTGCGCGCACCCGCGG,novelMiR_1211,42,None
novelMiR_334,54.0,CATCCAGGGTCCTCACTGCCTG,novelMiR_1212,54,None
novelMiR_335,42.0,GTGGGGGAGGCAGGCAGGGGTC,novelMiR_1217,42,None
novelMiR_29-6,24.0,AAAAGTAACTGCAGTTTTTGCC,novelMiR_641,24,None
novelMiR_29-16,24.0,AAAAGTAACTGCAGTTTTTGCC,novelMiR_641,24,None
novelMiR_338,68.0,AAAGACTTCCTTCTCTCGCC,novelMiR_1229,34,None
novelMiR_3-2,76.0,AAGTGATTGCGGTTTTTGCCA,novelMiR_168,76,None
novelMiR_1-17,34.0,AAAAGTAATCGCAGTTTT,novelMiR_43,34,None
novelMiR_345,54.0,ACGGCTCTCGCAGGCTCTGTGAGG,novelMiR_1240,54,None
novelMiR_281-1,42.0,ACAAAAGTCATTGCAGTTTT,novelMiR_1243,42,None
novelMiR_2-25,28.0,CAAAAATCGCAATTACTTT,novelMiR_583,28,None
novelMiR_2-23,28.0,CAAAAATCGCAATTACTTT,novelMiR_583,28,None
novelMiR_351,34.0,TTAGAGCTTCAACCTCCAGTGTGA,novelMiR_1250,34,None
novelMiR_2-12,28.0,CAAAAATCGCAATTACTTT,novelMiR_583,28,None
novelMiR_355,28.0,TTCTGGAATTGTGTGTGAGGGA,novelMiR_1266,28,None
novelMiR_292-1,28.0,CCTCATAGCAGCGTTCTGGAATC,novelMiR_1075,28,None
novelMiR_292-2,28.0,CCTCATAGCAGCGTTCTGGAATC,novelMiR_1075,28,None
novelMiR_178-1,42.0,GTCATTGAGATGCTTGTAGGAC,novelMiR_615,42,None
novelMiR_2-17,28.0,CAAAAATCGCAATTACTTT,novelMiR_583,28,None
novelMiR_362,54.0,TTGCTGGCCCGCGGGGCTGTC,novelMiR_1280,54,None
novelMiR_1-20,34.0,AAAAGTAATCGCAGTTTT,novelMiR_43,34,None
novelMiR_364,42.0,TGCCCGGCCTCGGAACCAGC,novelMiR_1290,42,None
novelMiR_11-20,182.0,GGCGGCGGCGGCGGCGGGGG,novelMiR_410,182,None
novelMiR_265-1,166.0,AAATGCATGGAGAGCTCCCGTGA,novelMiR_1294,166,None
novelMiR_367,113.0,TCTAACCACAGTTCCTCTGAGC,novelMiR_1312,113,None
novelMiR_368,48.0,ACCAGGACTAGGCATTTCCCAGG,novelMiR_1298,48,None
novelMiR_371,74.0,TCCTCCGCCACCTCCGCCCCTGC,novelMiR_1303,37,None
novelMiR_29-8,24.0,AAAAGTAACTGCAGTTTTTGCC,novelMiR_641,24,None
novelMiR_192-1,25.0,CTACGCAATGGCCTCCCCAGGCA,novelMiR_660,25,None
novelMiR_367-1,113.0,TCTAACCACAGTTCCTCTGAGC,novelMiR_1312,113,None
novelMiR_376,87.0,TTCTAGAATCCCATCTGCGAGA,novelMiR_1313,87,None
