Differentially expressed miRNA,New name assigned to novel miRNAs,mature_sequence,Fold Change,up/down regulation,p_adj_value
hsa-let-7d,-,agaggtagtaggttgcatagtt,-1.31809030731011,down,0.00050
hsa-let-7e,-,tgaggtaggaggttgtatagtt,-3.7064248681948,down,0.00217
hsa-mir-106b,-,taaagtgctgacagtgcaga,11.8361063653662,up,0.00050
hsa-mir-1271,-,cttggcacctagcaagcactca,6.93961853017687,up,0.02502
hsa-mir-128-1;hsa-mir-128-2,-,tcacagtgaaccggtctc,24.2342090316167,up,0.00000
hsa-mir-1295a,-,ttaggccgcagatctgggtga,5.28687840812238,up,0.00002
hsa-mir-143,-,tgagatgaagcactgtagc,27.0840478088694,up,0.00000
hsa-mir-144,-,tacagtatagatgatgtac,9.3596435914955,up,0.01428
hsa-mir-146b,-,tgagaactgaattccataggc,28.1661500501221,up,0.00000
hsa-mir-155;hsa-mir-155*,-,ttaatgctaatcgtgatagggg,1.9131961434608,up,0.01860
hsa-mir-18a,-,taaggtgcatctagtgcaga,8.28443525804003,up,0.03718
hsa-mir-196b_1,-,aaggtagatagaacaggtct,24.5547169030788,up,0.00000
hsa-mir-197,-,ttcaccaccttctccacccag,23.9691267723069,up,0.00000
hsa-mir-199a-2;hsa-mir-199a-1;hsa-mir-199b,-,acagtagtctgcacattggt,-2.5511302619268,down,0.03171
hsa-mir-21,-,tagcttatcagactgatgttga,18.9395039212096,up,0.00000
hsa-mir-221,-,agctacattgtctgctgggtt,26.5346862507416,up,0.00000
hsa-mir-222,-,agctacatctggctactggg,23.7335121031724,up,0.00106
hsa-mir-23b;hsa-mir-23a,-,atcacattgccagggat,11.8212388348154,up,0.00007
hsa-mir-29a,-,tagcaccatctgaaatcggt,29.490323323864,up,0.00000
hsa-mir-29b-2;hsa-mir-29b-1,-,tagcaccatttgaaatcagtgt,25.5108518525187,up,0.00000
hsa-mir-30c-1;hsa-mir-30c-2,-,tgtaaacatcctacactctcagc,-0.801714810232157,down,0.00571
hsa-mir-335,-,tcaagagcaataacgaaaaa,10.0515208814433,up,0.00365
hsa-mir-339_2;hsa-mir-339_3,-,tccctgtcctccaggagctc,9.73860140584998,up,0.00007
hsa-mir-451a,-,aaaccgttaccattactgagtt,3.17233388935561,up,0.04535
hsa-mir-486;hsa-mir-486*;hsa-mir-486_1;hsa-mir-486_2,-,tcctgtactgagctgccccgag,-1.49245266332863,down,0.00081
hsa-mir-532_1,-,gatgcctgggagttgcgatc,8.78220071845357,up,0.02031
hsa-mir-576,-,attctaatttctccacgtc,8.52128913334071,up,0.00217
hsa-mir-671,-,tccggttctcagggctccacc,-1.3265821129312,down,0.01212
hsa-mir-873,-,gcaggaacttgtgagtctcct,5.69440509143508,up,0.00432
hsa-mir-92b,-,tattgcactcgtcccggcc,10.673136953831,up,0.00000
hsa-mir-98,-,tgaggtagtaagttgtattgtt,-1.27538607462333,down,0.01413
novelMiR_204_2,hsa-mir-12142*,ctgctgtgatgacattc,13.3684434860546,up,0.00000
novelMiR_216,hsa-mir-12139*,cactctggactctgaatc,24.9865058763553,up,0.00000
novelMiR_23_1,hsa-mir-12137*,acgagactctggcatgctaac,21.6792191737384,up,0.00365
novelMiR_255,hsa-mir-12141*,gctaaatttgactggct,22.7384437938311,up,0.00021
novelMiR_344,hsa-mir-12140*,atggatagcgcattgga,10.9287507761854,up,0.00000
novelMiR_43;novelMiR_43_2,hsa-mir-12144*;hsa-mir-12144_1*,ctgtcacgcgggagacc,23.9005346724398,up,0.00000
novelMiR_45;novelMiR_45_2;novelMiR_45_1,hsa-mir-12143*;hsa-mir-12143_1*;hsa-mir-12143_2*,aaatggatttttggagcagggaga,20.7216061800942,up,0.00000
novelMiR_90,hsa-mir-12138*,aggctgtgatgattggc,6.80930172076281,up,0.00611
