,new_name,chr,chr_start,chr_end,miRNA_sequence,CL213_trimmed.result,CL56_NS_Run18_0815_trimmed.result,CL196_NS_Run18_0815_trimmed.result,CL253_trimmed.result,CL240_NS_Run18_0815_trimmed.result,CL41_NS_Run18_0815_trimmed.result,CL105_NS_Run18_0815_trimmed.result,CL152_NS_Run18_0815_trimmed.result,CL85_NS_Run18_0815_trimmed.result,CL53_NS_Run18_0815_trimmed.result,CL214_NS_Run18_0815_trimmed.result,CL191_trimmed.result,CL244_trimmed.result,Male-Ctrl_NS_Run18_0815_trimmed.result,CL164_NS_Run18_0815_trimmed.result,Female-Ctrl_NS_Run18_0815_trimmed.result,CL187_NS_Run18_0815_trimmed.result,CL203_NS_Run18_0815_trimmed.result,CL146_NS_Run18_0815_trimmed.result,CL162_NS_Run18_0815_trimmed.result,CL228_trimmed.result,CL236_trimmed.result,CL219_NS_Run18_0815_trimmed.result,CL167_trimmed.result,CL172_NS_Run18_0815_trimmed.result,CL176_trimmed.result,CL154_NS_Run18_0815_trimmed.result,CL183_trimmed.result,CL50_NS_Run18_0815_trimmed.result,CL156_NS_Run18_0815_trimmed.result
novelMiR_16,hsa-mir-12138*,chr12,20704463.0,20704483.0,acgagactctggcatgctaac,248.0,0.0,0.0,0.0,0.0,0.0,0.0,0.0,1286.0,0.0,470.0,0.0,0.0,0.0,165.0,0.0,0.0,0.0,0.0,0.0,0.0,0.0,0.0,0.0,779.0,0.0,0.0,0.0,0.0,0.0
novelMiR_53,hsa-mir-12137*,chr2,86362994.0,86363010.0,aggctgtgatgattggc,16.0,56.0,24.0,0.0,88.0,38.0,24.0,70.0,92.0,100.0,62.0,0.0,0.0,0.0,16.0,0.0,24.0,70.0,48.0,0.0,0.0,0.0,14.0,0.0,40.0,0.0,0.0,0.0,34.0,92.0
novelMiR_127,hsa-mir-12143*,chr13,54250588.0,54250605.0,cactctggactctgaatc,152.0,1024.0,490.0,0.0,688.0,0.0,1138.0,4602.0,0.0,1680.0,188.0,0.0,294.0,0.0,0.0,0.0,370.0,1702.0,0.0,0.0,0.0,0.0,38.0,0.0,0.0,140.0,0.0,0.0,0.0,532.0
novelMiR_187,hsa-mir-12142*,chr6,86387013.0,86387031.0,acggatctggcttctgaga,167.0,0.0,0.0,0.0,0.0,0.0,0.0,0.0,199.0,0.0,0.0,0.0,0.0,0.0,0.0,0.0,0.0,0.0,196.0,0.0,0.0,0.0,0.0,0.0,0.0,0.0,0.0,0.0,167.0,0.0
novelMiR_202,hsa-mir-12140*,chr9,131102415.0,131102431.0,atggatagcgcattgga,182.0,476.0,490.0,0.0,819.0,497.0,2191.0,1393.0,0.0,1057.0,308.0,0.0,0.0,0.0,665.0,0.0,119.0,385.0,539.0,910.0,154.0,0.0,49.0,0.0,154.0,49.0,315.0,49.0,917.0,441.0
novelMiR_28-1,hsa-mir-12145*,chr15,83424761.0,83424780.0,aaggtagatagaacaggtct,0.0,0.0,169.0,0.0,0.0,0.0,0.0,715.0,256.0,561.0,657.0,0.0,0.0,0.0,201.0,0.0,0.0,451.0,0.0,0.0,0.0,0.0,49.0,0.0,529.0,0.0,0.0,19.0,0.0,399.0
novelMiR_42-1,hsa-mir-12144*,chr17,62223441.0,62223457.0,ctgctgtgatgacattc,0.0,692.0,373.0,29.0,587.0,764.0,167.0,686.0,302.0,996.0,582.0,19.0,0.0,0.0,526.0,0.0,188.0,0.0,633.0,171.0,128.0,0.0,107.0,63.0,355.0,48.0,332.0,0.0,988.0,784.0
novelMiR_65-1,hsa-mir-12139*,chr22,43011374.0,43011393.0,gatgcctgggagttgcgatc,0.0,171.0,39.0,0.0,125.0,153.0,33.0,97.0,52.0,150.0,150.0,0.0,0.0,0.0,0.0,0.0,0.0,110.0,97.0,0.0,11.0,0.0,0.0,0.0,65.0,0.0,0.0,0.0,0.0,82.0
novelMiR_76-4,hsa-mir-12141*,chr6,28626064.0,28626085.0,ggggatgtagctcagtggtaga,0.0,438.0,0.0,0.0,272.0,360.0,0.0,0.0,0.0,464.0,0.0,0.0,36.0,0.0,0.0,0.0,0.0,0.0,454.0,1106.0,0.0,0.0,0.0,0.0,0.0,18.0,0.0,0.0,0.0,0.0
novelMiR_76-2,hsa-mir-12141-1*,chr6,28641663.0,28641684.0,ggggatgtagctcagtggtaga,0.0,438.0,0.0,0.0,272.0,360.0,0.0,0.0,0.0,464.0,0.0,0.0,36.0,0.0,0.0,0.0,0.0,0.0,454.0,1106.0,0.0,0.0,0.0,0.0,0.0,18.0,0.0,0.0,0.0,0.0
novelMiR_138-1,hsa-mir-12146*,chr3,51728480.0,51728497.0,accgggtgctgtaggctt,0.0,0.0,0.0,0.0,0.0,0.0,0.0,0.0,0.0,0.0,0.0,0.0,0.0,0.0,0.0,1671.0,0.0,0.0,0.0,0.0,0.0,0.0,0.0,0.0,0.0,0.0,0.0,0.0,0.0,0.0
