RNA_ID,Impure_Region,Cigar_String,ref_Sequence,synthetic_sequence,chr,chr_start,chr_end,Expression_count
hsa-let-7a-3p,Both_region,-GC------T--------G--,CTATACAATCTACTGTCTTTC,CGCTACAATTTACTGTCTGTC,chr9,94176013,94176033,32
hsa-miR-3144-3p,Both_region,-GC------G--------G---,ATATACCTGTTCGGTCTCTTTA,AGCTACCTGGTCGGTCTCGTTA,chr6,120015226,120015247,27
hsa-miR-3145-5p,Both_region,-CT------T--------T---,AACTCCAAACACTCAAAACTCA,ACTTCCAAATACTCAAAATTCA,chr6,138435262,138435283,56
hsa-miR-3158-3p,Both_region,-CA------T--------A---,AAGGGCTTCCTCTCTGCAGGAC,ACAGGCTTCTTCTCTGCAAGAC,chr10,101601427,101601448,32
hsa-miR-3180-5p,Both_region,-GG------A-G-------------,CTTCCAGACGCTCCGCCCCACGTCG,CGGCCAGACACGCCGCCCCACGTCG,chr16,16309892,16309916,32
hsa-miR-338-3p,Both_region,-TT------C--------A---,TCCAGCATCAGTGATTTTGTTG,TTTAGCATCCGTGATTTTATTG,chr17,81125887,81125908,32
hsa-miR-342-3p,Both_region,-TG--------C------T----,TCTCACACAGAAATCGCACCCGT,TTGCACACAGACATCGCATCCGT,chr14,100109715,100109737,38
hsa-miR-3605-3p,Both_region,-TG--------T------G----,CCTCCGTGTTACCTGTCCTCTAG,CTGCCGTGTTATCTGTCCGCTAG,chr1,33332405,33332427,27
hsa-miR-3613-5p,Both_region,-AG------G--------A---,TGTTGTACTTTTTTTTTTGTTC,TAGTGTACTGTTTTTTTTATTC,chr13,49996465,49996486,32
hsa-miR-3130-3p,Both_region,-TG------A--------G--,GCTGCACCGGAGACTGGGTAA,GTGGCACCGAAGACTGGGGAA,chr2,206783277,206783297,120
hsa-miR-362-3p,Both_region,-CT------C--------G---,AACACACCTATTCAAGGATTCA,ACTACACCTCTTCAAGGAGTCA,chrX,50009005,50009026,31
hsa-miR-3942-5p,Both_region,-CA------G--------C---,AAGCAATACTGTTACCTGAAAT,ACACAATACGGTTACCTGCAAT,chr15,35372321,35372342,27
hsa-miR-409-3p,Both_region,-CC------G--------T---,GAATGTTGCTCGGTGAACCCCT,GCCTGTTGCGCGGTGAACTCCT,chr14,101065346,101065367,27
hsa-miR-4433b-3p,Both_region,-CA------A--------T--,CAGGAGTGGGGGGTGGGACGT,CCAGAGTGGAGGGTGGGATGT,chr2,64340769,64340789,27
hsa-miR-449b-3p,Both_region,-CA------T--------T---,CAGCCACAACTACCCTGCCACT,CCACCACAATTACCCTGCTACT,chr5,55170667,55170688,27
hsa-miR-452-5p,Both_region,-CT------T--------T---,AACTGTTTGCAGAGGAAACTGA,ACTTGTTTGTAGAGGAAATTGA,chrX,151959678,151959699,50
hsa-miR-4524a-3p,Both_region,-AC------T--------T---,TGAGACAGGCTTATGCTGCTAT,TACGACAGGTTTATGCTGTTAT,chr17,69099570,69099591,27
hsa-miR-454-3p,Both_region,-CA--------G------C----,TAGTGCAATATTGCTTATAGGGT,TCATGCAATATGGCTTATCGGGT,chr17,59137787,59137809,64
hsa-miR-4661-5p,Both_region,-CT------G--------G---,AACTAGCTCTGTGGATCCTGAC,ACTTAGCTCGGTGGATCCGGAC,chr8,91205494,91205515,120
hsa-miR-378a-5p,Both_region,-GT------T--------A---,CTCCTGACTCCAGGTCCTGTGT,CGTCTGACTTCAGGTCCTATGT,chr5,149732829,149732850,120
hsa-miR-4749-5p,Both_region,-AT------C--------T---,TGCGGGGACAGGCCAGGGCATC,TATGGGGACCGGCCAGGGTATC,chr19,49854593,49854614,32
hsa-miR-3126-5p,Both_region,-AC------A--------C---,TGAGGGACAGATGCCAGAAGCA,TACGGGACAAATGCCAGACGCA,chr2,69103691,69103712,38
hsa-miR-30c-1-3p,Both_region,-GA------A--------T---,CTGGGAGAGGGTTGTTTACTCC,CGAGGAGAGAGTTGTTTATTCC,chr1,40757339,40757360,38
hsa-miR-139-5p,Both_region,-TG--------T------T----,TCTACAGTGCACGTGTCTCCAGT,TTGACAGTGCATGTGTCTTCAGT,chr11,72615102,72615124,120
hsa-miR-141-5p,Both_region,-CG------A--------G---,CATCTTCCAGTACAGTGTTGGA,CCGCTTCCAATACAGTGTGGGA,chr12,6964113,6964134,56
hsa-miR-148a-3p,Both_region,-TC------G--------G---,TCAGTGCACTACAGAACTTTGT,TTCGTGCACGACAGAACTGTGT,chr7,25949922,25949943,56
hsa-miR-154-5p,Both_region,-CA------T--------G---,TAGGTTATCCGTGTTGCCTTCG,TCAGTTATCTGTGTTGCCGTCG,chr14,101059769,101059790,32
hsa-miR-16-5p,Both_region,-CA------A--------A---,TAGCAGCACGTAAATATTGGCG,TCACAGCACATAAATATTAGCG,chr3,160404754,160404775,38
hsa-miR-185-5p,Both_region,-AA------C--------T---,TGGAGAGAAAGGCAGTTCCTGA,TAAAGAGAACGGCAGTTCTTGA,chr22,20033153,20033174,32
hsa-miR-191-3p,Both_region,-TG------A--------T---,GCTGCGCTTGGATTTCGTCCCC,GTGGCGCTTAGATTTCGTTCCC,chr3,49020631,49020652,32
hsa-miR-1914-3p,Both_region,-AC------T--------A---,GGAGGGGTCCCGCACTGGGAGG,GACGGGGTCTCGCACTGGAAGG,chr20,63941474,63941495,32
hsa-miR-31-3p,Both_region,-AT------C--------T---,TGCTATGCCAACATATTGCCAT,TATTATGCCCACATATTGTCAT,chr9,21512121,21512142,27
hsa-miR-193b-3p,Both_region,-CT------G--------T---,AACTGGCCCTCAAAGTCCCGCT,ACTTGGCCCGCAAAGTCCTGCT,chr16,14304017,14304038,38
hsa-miR-21-5p,Both_region,-CA------C--------G---,TAGCTTATCAGACTGATGTTGA,TCACTTATCCGACTGATGGTGA,chr17,59841273,59841294,38
hsa-miR-2116-5p,Both_region,-AG------T--------G--,GGTTCTTAGCATAGGAGGTCT,GAGTCTTAGTATAGGAGGGCT,chr15,59171229,59171249,32
hsa-miR-212-5p,Both_region,-TT--------C------G----,ACCTTGGCTCTAGACTGCTTACT,ATTTTGGCTCTCGACTGCGTACT,chr17,2050328,2050350,56
hsa-miR-24-1-5p,Both_region,-AT------C--------T---,TGCCTACTGAGCTGATATCAGT,TATCTACTGCGCTGATATTAGT,chr9,95086027,95086048,120
hsa-miR-27a-3p,Both_region,-GT------A--------T--,TTCACAGTGGCTAAGTTCCGC,TGTACAGTGACTAAGTTCTGC,chr19,13836447,13836467,38
hsa-miR-29b-3p,Both_region,-CA--------A------A----,TAGCACCATTTGAAATCAGTGTT,TCACACCATTTAAAATCAATGTT,chr7,130877467,130877489,32
hsa-miR-302a-5p,Both_region,-TG--------A------G----,ACTTAAACGTGGATGTACTTGCT,ATGTAAACGTGAATGTACGTGCT,chr4,112648224,112648246,32
hsa-miR-3059-5p,Both_region,-GG------G-T------------,TTTCCTCTCTGCCCCATAGGGTGT,TGGCCTCTCGGTCCCATAGGGTGT,chr12,86745113,86745136,27
hsa-miR-199a-3p,Both_region,-TC------G--------A---,ACAGTAGTCTGCACATTGGTTA,ATCGTAGTCGGCACATTGATTA,chr19,10817429,10817450,27
hsa-miR-138-5p,Both_region,-AT--------G------A----,AGCTGGTGTTGTGAATCAGGCCG,AATTGGTGTTGGGAATCAAGCCG,chr3,44114234,44114256,38
hsa-miR-4755-5p,Both_region,-GG------C--------T---,TTTCCCTTCAGAGCCTGGCTTT,TGGCCCTTCCGAGCCTGGTTTT,chr20,34049128,34049149,56
hsa-miR-483-3p,Both_region,-TC------G--------T--,TCACTCCTCTCCTCCCGTCTT,TTCCTCCTCGCCTCCCGTTTT,chr11,2134142,2134162,27
hsa-miR-574-5p,Both_region,-AC--------A------G----,TGAGTGTGTGTGTGTGAGTGTGT,TACGTGTGTGTATGTGAGGGTGT,chr4,38868056,38868078,27
hsa-miR-597-3p,Both_region,-AA--------G------C----,TGGTTCTCTTGTGGCTCAAGCGT,TAATTCTCTTGGGGCTCACGCGT,chr8,9741729,9741751,27
hsa-miR-598-3p,Both_region,-CT------A--------A---,TACGTCATCGTTGTCATCGTCA,TCTGTCATCATTGTCATCATCA,chr8,11035221,11035242,38
hsa-miR-625-3p,Both_region,-CT------C--------T---,GACTATAGAACTTTCCCCCTCA,GCTTATAGACCTTTCCCCTTCA,chr14,65471153,65471174,56
hsa-miR-627-5p,Both_region,-GA------G--------C---,GTGAGTCTCTAAGAAAAGAGGA,GGAAGTCTCGAAGAAAAGCGGA,chr15,42199630,42199651,38
hsa-miR-629-5p,Both_region,-AA------A--------C--,TGGGTTTACGTTGGGAGAACT,TAAGTTTACATTGGGAGACCT,chr15,70079427,70079447,120
hsa-miR-6505-5p,Both_region,-GA------A--------T---,TTGGAATAGGGGATATCTCAGC,TGAGAATAGAGGATATCTTAGC,chr12,48132800,48132821,38
hsa-miR-6511a-3p,Both_region,-TG------T--------T---,CCTCACCATCCCTTCTGCCTGC,CTGCACCATTCCTTCTGCTTGC,chr16,16324631,16324652,120
hsa-miR-5682,Both_region,-GC------G--------C---,GTAGCACCTTGCAGGATAAGGT,GGCGCACCTGGCAGGATACGGT,chr3,121049684,121049705,120
hsa-miR-6514-3p,Both_region,-GA------T--------T--,CTGCCTGTTCTTCCACTCCAG,CGACCTGTTTTTCCACTCTAG,chr11,62792702,62792722,32
hsa-miR-6769a-3p,Both_region,-CA------G--------T--,GAGCCCCTCTCTGCTCTCCAG,GCACCCCTCGCTGCTCTCTAG,chr16,4671370,4671390,27
hsa-miR-7161-3p,Both_region,-CA------A-T----------------,TAGATCTTTGACTCTGGCAGTCTCCAGG,TCAATCTTTAATTCTGGCAGTCTCCAGG,chr6,158609763,158609790,64
hsa-miR-873-5p,Both_region,-TC------G--------T--,GCAGGAACTTGTGAGTCTCCT,GTCGGAACTGGTGAGTCTTCT,chr9,28888925,28888945,38
hsa-miR-874-5p,Both_region,-AA--------C------G----,CGGCCCCACGCACCAGGGTAAGA,CAACCCCACGCCCCAGGGGAAGA,chr5,137647618,137647640,32
hsa-miR-877-3p,Both_region,-TT------T--------T--,TCCTCTTCTCCCTCCTCCCAG,TTTTCTTCTTCCTCCTCCTAG,chr6,30584397,30584417,38
hsa-miR-941,Both_region,-CT--------A------G----,CACCCGGCTGTGTGCACATGTGC,CCTCCGGCTGTATGCACAGGTGC,chr20,63919607,63919629,65
hsa-miR-942-3p,Both_region,-CT------A--------C---,CACATGGCCGAAACAGAGAAGT,CCTATGGCCAAAACAGAGCAGT,chr1,117094695,117094716,32
hsa-miR-99a-3p,Both_region,-CC------G--------G---,CAAGCTCGCTTCTATGGGTCTG,CCCGCTCGCGTCTATGGGGCTG,chr21,16539138,16539159,38
hsa-miR-6758-5p,Both_region,-CA--------C------A----,TAGAGAGGGGAAGGATGTGATGT,TCAAGAGGGGACGGATGTAATGT,chr12,57512693,57512715,64
hsa-miR-4802-5p,Both_region,-CG------G--------G---,TATGGAGGTTCTAGACCATGTT,TCGGGAGGTGCTAGACCAGGTT,chr4,40502086,40502107,38
hsa-miR-550a-3p,Both_region,-AG------T--------C---,TGTCTTACTCCCTCAGGCACAT,TAGCTTACTTCCTCAGGCCCAT,chr7,30289854,30289875,38
hsa-miR-548g-5p,Both_region,-AT--------G------G----,TGCAAAAGTAATTGCAGTTTTTG,TATAAAAGTAAGTGCAGTGTTTG,chr4,147344681,147344703,120
hsa-miR-488-3p,Both_region,-GA------G--------A--,TTGAAAGGCTATTTCTTGGTC,TGAAAAGGCGATTTCTTGATC,chr1,177029374,177029394,56
hsa-miR-488-5p,Both_region,-TT------G--------T--,CCCAGATAATGGCACTCTCAA,CTTAGATAAGGGCACTCTTAA,chr1,177029412,177029432,64
hsa-miR-490-5p,Both_region,-TC------G--------A-,CCATGGATCTCCAGGTGGGT,CTCTGGATCGCCAGGTGGAT,chr7,136903205,136903224,27
hsa-miR-495-3p,Both_region,-CC------G--------G---,AAACAAACATGGTGCACTTCTT,ACCCAAACAGGGTGCACTGCTT,chr14,101033804,101033825,64
hsa-miR-508-3p,Both_region,-AC--------G------A----,TGATTGTAGCCTTTTGGAGTAGA,TACTTGTAGCCGTTTGGAATAGA,chrX,147236945,147236967,22
hsa-miR-513a-5p,Both_region,-GT-----AC--------,TTCACAGGGAGGTGTCAT,TGTACAGGACGGTGTCAT,chrX,147225900,147225917,52
hsa-miR-514a-3p,Both_region,-GG------G--------C--,ATTGACACTTCTGTGAGTAGA,AGGGACACTGCTGTGAGTCGA,chrX,147281957,147281977,45
hsa-miR-519c-3p,Both_region,-CC------T--------A---,AAAGTGCATCTTTTTAGAGGAT,ACCGTGCATTTTTTTAGAAGAT,chr19,53686522,53686543,56
hsa-miR-548x-3p,Both_region,-CC------T--------G-,TAAAAACTGCAATTACTTTC,TCCAAACTGTAATTACTTGC,chr21,18686100,18686119,59
hsa-miR-519c-5p,Both_region,-GT------A--------G---,CTCTAGAGGGAAGCGCTTTCTG,CGTTAGAGGAAAGCGCTTGCTG,chr19,53686484,53686505,64
hsa-miR-548a-3p,Both_region,-CC------T--------G---,CAAAACTGGCAATTACTTTTGC,CCCAACTGGTAATTACTTGTGC,chr6,135239220,135239241,32
hsa-miR-548ae-3p,Both_region,-CC------T--------G--,CAAAAACTGCAATTACTTTCA,CCCAAACTGTAATTACTTGCA,chr5,58530047,58530067,38
hsa-miR-548ar-3p,Both_region,-CC------C--------G--,TAAAACTGCAGTTATTTTTGC,TCCAACTGCCGTTATTTTGGC,chr13,114244541,114244561,56
hsa-miR-548as-3p,Both_region,-CC------T--------G---,TAAAACCCACAATTATGTTTGT,TCCAACCCATAATTATGTGTGT,chr13,92490199,92490220,27
hsa-miR-548as-5p,Both_region,-CC------G--------G---,AAAAGTAATTGCGGGTTTTGCC,ACCAGTAATGGCGGGTTTGGCC,chr13,92490163,92490184,64
hsa-miR-548av-3p,Both_region,-CC------A--------A-,AAAACTGCAGTTACTTTTGC,ACCACTGCAATTACTTTTAC,chr18,72853321,72853340,64
hsa-miR-548av-5p,Both_region,-CC-----GG--------,AAAAGTACTTGCGGATTT,ACCAGTACGGGCGGATTT,chr18,72853365,72853382,56
hsa-miR-548e-5p,Both_region,-CC------G--------G---,CAAAAGCAATCGCGGTTTTTGC,CCCAAGCAAGCGCGGTTTGTGC,chr10,110988940,110988961,120
hsa-miR-532-3p,Both_region,-TG------T--------G---,CCTCCCACACCCAAGGCTTGCA,CTGCCCACATCCAAGGCTGGCA,chrX,50003204,50003225,26
hsa-miR-1343-3p,Both_region,-GT------T--------G---,CTCCTGGGGCCCGCACTCTCGC,CGTCTGGGGTCCGCACTCGCGC,chr11,34941888,34941909,38
hsa-miR-3622a-3p,Both_region,-TC------T--------T---,TCACCTGACCTCCCATGCCTGT,TTCCCTGACTTCCCATGCTTGT,chr8,27701726,27701747,32
hsa-miR-128-2-5p,Both_region,-AA--------T------T----,GGGGGCCGATACACTGTACGAGA,GAAGGCCGATATACTGTATGAGA,chr3,35744490,35744512,27
hsa-let-7c-3p,Both_region,-GA------T--------G---,CTGTACAACCTTCTAGCTTTCC,CGATACAACTTTCTAGCTGTCC,chr21,16539883,16539904,64
hsa-miR-1-3p,Both_region,-AA------C--------A---,TGGAATGTAAAGAAGTATGTAT,TAAAATGTACAGAAGTATATAT,chr20,62554351,62554372,38
hsa-miR-1296-3p,Both_region,-CA------G--------C---,GAGTGGGGCTTCGACCCTAACC,GCATGGGGCGTCGACCCTCACC,chr10,63372969,63372990,27
hsa-miR-1306-3p,Both_region,-TA-----GT--------,ACGTTGGCTCTGGTGGTG,ATATTGGCGTTGGTGGTG,chr22,20086112,20086129,38
hsa-miR-1249-3p,Both_region,-TA------T--------G---,ACGCCCTTCCCCCCCTTCTTCA,ATACCCTTCTCCCCCTTCGTCA,chr22,45200958,45200979,27
hsa-miR-122b-5p,Both_region,-GG--------C------G----,TTTAGTGTGATAATGGCGTTTGA,TGGAGTGTGATCATGGCGGTTGA,chr18,58451121,58451143,27
hsa-miR-107,Both_region,-AT--------C------G----,AGCAGCATTGTACAGGGCTATCA,AATAGCATTGTCCAGGGCGATCA,chr10,89592756,89592778,38
hsa-let-7b-5p,Both_region,-AC------C--------A---,TGAGGTAGTAGGTTGTGTGGTT,TACGGTAGTCGGTTGTGTAGTT,chr22,46113691,46113712,64
hsa-miR-125b-5p,Both_region,-TT------T--------A---,TCCCTGAGACCCTAACTTGTGA,TTTCTGAGATCCTAACTTATGA,chr21,16590253,16590274,56
hsa-miR-128-1-5p,Both_region,-AA--------T------G----,CGGGGCCGTAGCACTGTCTGAGA,CAAGGCCGTAGTACTGTCGGAGA,chr2,135665411,135665433,32
hsa-miR-133a-5p,Both_region,-AT------C--------C---,AGCTGGTAAAATGGAACCAAAT,AATTGGTAACATGGAACCCAAT,chr20,62564933,62564954,32
hsa-let-7a-5p,Both_region,-AC------C--------C---,TGAGGTAGTAGGTTGTATAGTT,TACGGTAGTCGGTTGTATCGTT,chr22,46112752,46112773,56
hsa-miR-106b-5p,Both_region,-CC------A--------A--,TAAAGTGCTGACAGTGCAGAT,TCCAGTGCTAACAGTGCAAAT,chr7,100094043,100094063,64
hsa-miR-124-3p,Both_region,-CC------T--------T---,TAAGGCACGCGGTGAATGCCAA,TCCGGCACGTGGTGAATGTCAA,chr8,9903399,9903420,64
hsa-miR-1252-3p,Both_region,-CC------G--------G---,CAAATGAGCTTAATTTCCTTTT,CCCATGAGCGTAATTTCCGTTT,chr12,79419296,79419317,32
hsa-miR-378a-5p,None,----------------------,CTCCTGACTCCAGGTCCTGTGT,CTCCTGACTCCAGGTCCTGTGT,chr5,149732829,149732850,200
hsa-miR-380-3p,None,----------------------,TATGTAATATGGTCCACATCTT,TATGTAATATGGTCCACATCTT,chr14,101025056,101025077,66
hsa-miR-409-3p,None,----------------------,GAATGTTGCTCGGTGAACCCCT,GAATGTTGCTCGGTGAACCCCT,chr14,101065346,101065367,43
hsa-miR-1249-5p,None,------------------------,AGGAGGGAGGAGATGGGCCAAGTT,AGGAGGGAGGAGATGGGCCAAGTT,chr22,45200993,45201016,55
hsa-miR-3942-5p,None,----------------------,AAGCAATACTGTTACCTGAAAT,AAGCAATACTGTTACCTGAAAT,chr15,35372321,35372342,136
hsa-miR-369-3p,None,---------------------,AATAATACATGGTTGATCTTT,AATAATACATGGTTGATCTTT,chr14,101065641,101065661,95
hsa-miR-6505-5p,None,----------------------,TTGGAATAGGGGATATCTCAGC,TTGGAATAGGGGATATCTCAGC,chr12,48132800,48132821,48
hsa-miR-365b-3p,None,----------------------,TAATGCCCCTAAAAATCCTTAT,TAATGCCCCTAAAAATCCTTAT,chr17,31575478,31575499,182
hsa-miR-6505-3p,None,---------------------,TGACTTCTACCTCTTCCAAAG,TGACTTCTACCTCTTCCAAAG,chr12,48132847,48132867,92
hsa-miR-133a-5p,None,----------------------,AGCTGGTAAAATGGAACCAAAT,AGCTGGTAAAATGGAACCAAAT,chr20,62564933,62564954,112
hsa-miR-4423-5p,None,----------------------,AGTTGCCTTTTTGTTCCCATGC,AGTTGCCTTTTTGTTCCCATGC,chr1,85133806,85133827,77
hsa-miR-4433b-3p,None,---------------------,CAGGAGTGGGGGGTGGGACGT,CAGGAGTGGGGGGTGGGACGT,chr2,64340769,64340789,125
hsa-miR-6511a-3p,None,----------------------,CCTCACCATCCCTTCTGCCTGC,CCTCACCATCCCTTCTGCCTGC,chr16,16324631,16324652,265
hsa-miR-1249-3p,None,----------------------,ACGCCCTTCCCCCCCTTCTTCA,ACGCCCTTCCCCCCCTTCTTCA,chr22,45200958,45200979,47
hsa-miR-449b-3p,None,----------------------,CAGCCACAACTACCCTGCCACT,CAGCCACAACTACCCTGCCACT,chr5,55170667,55170688,168
hsa-miR-452-5p,None,----------------------,AACTGTTTGCAGAGGAAACTGA,AACTGTTTGCAGAGGAAACTGA,chrX,151959678,151959699,85
hsa-miR-629-5p,None,---------------------,TGGGTTTACGTTGGGAGAACT,TGGGTTTACGTTGGGAGAACT,chr15,70079427,70079447,161
hsa-miR-4524a-3p,None,----------------------,TGAGACAGGCTTATGCTGCTAT,TGAGACAGGCTTATGCTGCTAT,chr17,69099570,69099591,43
hsa-let-7c-3p,None,----------------------,CTGTACAACCTTCTAGCTTTCC,CTGTACAACCTTCTAGCTTTCC,chr21,16539883,16539904,106
hsa-miR-454-3p,None,-----------------------,TAGTGCAATATTGCTTATAGGGT,TAGTGCAATATTGCTTATAGGGT,chr17,59137787,59137809,95
hsa-miR-124-3p,None,----------------------,TAAGGCACGCGGTGAATGCCAA,TAAGGCACGCGGTGAATGCCAA,chr8,9903399,9903420,104
hsa-miR-4661-5p,None,----------------------,AACTAGCTCTGTGGATCCTGAC,AACTAGCTCTGTGGATCCTGAC,chr8,91205494,91205515,218
hsa-miR-4687-3p,None,---------------------,TGGCTGTTGGAGGGGGCAGGC,TGGCTGTTGGAGGGGGCAGGC,chr11,3856113,3856133,73
hsa-miR-423-5p,None,-----------------------,TGAGGGGCAGAGAGCGAGACTTT,TGAGGGGCAGAGAGCGAGACTTT,chr17,30117095,30117117,83
hsa-miR-642a-5p,None,----------------------,GTCCCTCTCCAAATGTGTCTTG,GTCCCTCTCCAAATGTGTCTTG,chr19,45674943,45674964,87
hsa-miR-6511a-5p,None,-----------------------,CAGGCAGAAGTGGGGCTGACAGG,CAGGCAGAAGTGGGGCTGACAGG,chr16,16324592,16324614,137
hsa-miR-362-3p,None,----------------------,AACACACCTATTCAAGGATTCA,AACACACCTATTCAAGGATTCA,chrX,50009005,50009026,53
hsa-miR-3127-3p,None,----------------------,TCCCCTTCTGCAGGCCTGCTGG,TCCCCTTCTGCAGGCCTGCTGG,chr2,96798324,96798345,71
hsa-miR-3127-5p,None,-----------------------,ATCAGGGCTTGTGGAATGGGAAG,ATCAGGGCTTGTGGAATGGGAAG,chr2,96798288,96798310,223
hsa-miR-6833-3p,None,---------------------,TTTCTCTCTCCACTTCCTCAG,TTTCTCTCTCCACTTCCTCAG,chr6,32179856,32179876,145
hsa-miR-127-5p,None,----------------------,CTGAAGCTCAGAGGGCTCTGAT,CTGAAGCTCAGAGGGCTCTGAT,chr14,100883001,100883022,87
hsa-miR-3130-3p,None,---------------------,GCTGCACCGGAGACTGGGTAA,GCTGCACCGGAGACTGGGTAA,chr2,206783277,206783297,149
hsa-miR-3144-3p,None,----------------------,ATATACCTGTTCGGTCTCTTTA,ATATACCTGTTCGGTCTCTTTA,chr6,120015226,120015247,52
hsa-miR-6769a-3p,None,---------------------,GAGCCCCTCTCTGCTCTCCAG,GAGCCCCTCTCTGCTCTCCAG,chr16,4671370,4671390,153
hsa-miR-3144-5p,None,----------------------,AGGGGACCAAAGAGATATATAG,AGGGGACCAAAGAGATATATAG,chr6,120015191,120015212,84
hsa-miR-3145-5p,None,----------------------,AACTCCAAACACTCAAAACTCA,AACTCCAAACACTCAAAACTCA,chr6,138435262,138435283,38
hsa-miR-3158-3p,None,----------------------,AAGGGCTTCCTCTCTGCAGGAC,AAGGGCTTCCTCTCTGCAGGAC,chr10,101601427,101601448,95
hsa-miR-3180-3p,None,----------------------,TGGGGCGGAGCTTCCGGAGGCC,TGGGGCGGAGCTTCCGGAGGCC,chr16,16309936,16309957,161
hsa-miR-6758-5p,None,-----------------------,TAGAGAGGGGAAGGATGTGATGT,TAGAGAGGGGAAGGATGTGATGT,chr12,57512693,57512715,119
hsa-miR-125b-2-3p,None,----------------------,TCACAAGTCAGGCTCTTGGGAC,TCACAAGTCAGGCTCTTGGGAC,chr21,16590290,16590311,77
hsa-miR-3180-5p,None,-------------------------,CTTCCAGACGCTCCGCCCCACGTCG,CTTCCAGACGCTCCGCCCCACGTCG,chr16,16309892,16309916,94
hsa-let-7b-5p,None,----------------------,TGAGGTAGTAGGTTGTGTGGTT,TGAGGTAGTAGGTTGTGTGGTT,chr22,46113691,46113712,105
hsa-miR-3189-3p,None,---------------------,CCCTTGGGTCTGATGGGGTAG,CCCTTGGGTCTGATGGGGTAG,chr19,18386607,18386627,44
hsa-miR-3194-5p,None,---------------------,GGCCAGCCACCAGGAGGGCTG,GGCCAGCCACCAGGAGGGCTG,chr20,51452948,51452968,169
hsa-miR-3617-5p,None,----------------------,AAAGACATAGTTGCAAGATGGG,AAAGACATAGTTGCAAGATGGG,chr20,45705150,45705171,96
hsa-miR-4749-5p,None,----------------------,TGCGGGGACAGGCCAGGGCATC,TGCGGGGACAGGCCAGGGCATC,chr19,49854593,49854614,50
hsa-miR-3613-5p,None,----------------------,TGTTGTACTTTTTTTTTTGTTC,TGTTGTACTTTTTTTTTTGTTC,chr13,49996465,49996486,143
hsa-miR-361-5p,None,----------------------,TTATCAGAATCTCCAGGGGTAC,TTATCAGAATCTCCAGGGGTAC,chrX,85903681,85903702,108
hsa-miR-3605-3p,None,-----------------------,CCTCCGTGTTACCTGTCCTCTAG,CCTCCGTGTTACCTGTCCTCTAG,chr1,33332405,33332427,136
hsa-miR-561-3p,None,----------------------,CAAAGTTTAAGATCCTTGAAGT,CAAAGTTTAAGATCCTTGAAGT,chr2,188297552,188297573,41
hsa-miR-3622a-3p,None,----------------------,TCACCTGACCTCCCATGCCTGT,TCACCTGACCTCCCATGCCTGT,chr8,27701726,27701747,60
hsa-miR-342-3p,None,-----------------------,TCTCACACAGAAATCGCACCCGT,TCTCACACAGAAATCGCACCCGT,chr14,100109715,100109737,59
hsa-miR-338-3p,None,----------------------,TCCAGCATCAGTGATTTTGTTG,TCCAGCATCAGTGATTTTGTTG,chr17,81125887,81125908,50
hsa-miR-6514-3p,None,---------------------,CTGCCTGTTCTTCCACTCCAG,CTGCCTGTTCTTCCACTCCAG,chr11,62792702,62792722,41
hsa-miR-330-5p,None,----------------------,TCTCTGGGCCTGTGTCTTAGGC,TCTCTGGGCCTGTGTCTTAGGC,chr19,45639049,45639070,161
hsa-miR-320a-5p,None,----------------------,GCCTTCTCTTCCCGGTTCTTCC,GCCTTCTCTTCCCGGTTCTTCC,chr8,22245007,22245028,59
hsa-miR-3200-5p,None,----------------------,AATCTGAGAAGGCGCACAAGGT,AATCTGAGAAGGCGCACAAGGT,chr22,30731569,30731590,169
hsa-miR-653-3p,None,----------------------,TTCACTGGAGTTTGTTTCAATA,TTCACTGGAGTTTGTTTCAATA,chr7,93482784,93482805,79
hsa-miR-33a-3p,None,----------------------,CAATGTTTCCACAGTGCATCAC,CAATGTTTCCACAGTGCATCAC,chr22,41900989,41901010,104
hsa-miR-627-5p,None,----------------------,GTGAGTCTCTAAGAAAAGAGGA,GTGAGTCTCTAAGAAAAGAGGA,chr15,42199630,42199651,52
hsa-miR-4793-5p,None,------------------------,ACATCCTGCTCCACAGGGCAGAGG,ACATCCTGCTCCACAGGGCAGAGG,chr3,48644239,48644262,183
hsa-miR-4778-3p,None,----------------------,TCTTCTTCCTTTGCAGAGTTGA,TCTTCTTCCTTTGCAGAGTTGA,chr2,66358257,66358278,73
hsa-miR-532-3p,None,----------------------,CCTCCCACACCCAAGGCTTGCA,CCTCCCACACCCAAGGCTTGCA,chrX,50003204,50003225,114
hsa-miR-545-3p,None,----------------------,TCAGCAAACATTTATTGTGTGC,TCAGCAAACATTTATTGTGTGC,chrX,74287126,74287147,78
hsa-miR-101-3p,None,---------------------,TACAGTACTGTGATAACTGAA,TACAGTACTGTGATAACTGAA,chr9,4850345,4850365,106
hsa-miR-548a-3p,None,----------------------,CAAAACTGGCAATTACTTTTGC,CAAAACTGGCAATTACTTTTGC,chr6,135239220,135239241,135
hsa-miR-584-3p,None,----------------------,TCAGTTCCAGGCCAACCAGGCT,TCAGTTCCAGGCCAACCAGGCT,chr5,149062334,149062355,55
hsa-miR-582-3p,None,----------------------,TAACTGGTTGAACAACTGAACC,TAACTGGTTGAACAACTGAACC,chr5,59703630,59703651,48
hsa-miR-548ae-3p,None,---------------------,CAAAAACTGCAATTACTTTCA,CAAAAACTGCAATTACTTTCA,chr5,58530047,58530067,64
hsa-miR-577,None,---------------------,TAGATAAAATATTGGTACCTG,TAGATAAAATATTGGTACCTG,chr4,114656774,114656794,68
hsa-miR-548ar-3p,None,---------------------,TAAAACTGCAGTTATTTTTGC,TAAAACTGCAGTTATTTTTGC,chr13,114244541,114244561,47
hsa-miR-1-3p,None,----------------------,TGGAATGTAAAGAAGTATGTAT,TGGAATGTAAAGAAGTATGTAT,chr20,62554351,62554372,52
hsa-miR-548as-3p,None,----------------------,TAAAACCCACAATTATGTTTGT,TAAAACCCACAATTATGTTTGT,chr13,92490199,92490220,64
hsa-miR-548as-5p,None,----------------------,AAAAGTAATTGCGGGTTTTGCC,AAAAGTAATTGCGGGTTTTGCC,chr13,92490163,92490184,55
hsa-miR-576-5p,None,----------------------,ATTCTAATTTCTCCACGTCTTT,ATTCTAATTTCTCCACGTCTTT,chr4,109488713,109488734,325
hsa-miR-548av-3p,None,--------------------,AAAACTGCAGTTACTTTTGC,AAAACTGCAGTTACTTTTGC,chr18,72853321,72853340,84
hsa-miR-548av-5p,None,------------------,AAAAGTACTTGCGGATTT,AAAAGTACTTGCGGATTT,chr18,72853365,72853382,77
hsa-miR-574-5p,None,-----------------------,TGAGTGTGTGTGTGTGAGTGTGT,TGAGTGTGTGTGTGTGAGTGTGT,chr4,38868056,38868078,136
hsa-let-7g-3p,None,---------------------,CTGTACAGGCCACTGCCTTGC,CTGTACAGGCCACTGCCTTGC,chr3,52268280,52268300,55
hsa-miR-5583-3p,None,----------------------,GAATATGGGTATATTAGTTTGG,GAATATGGGTATATTAGTTTGG,chr18,39676758,39676779,137
hsa-miR-561-5p,None,----------------------,ATCAAGGATCTTAAACTTTGCC,ATCAAGGATCTTAAACTTTGCC,chr2,188297517,188297538,62
hsa-miR-550a-5p,None,-----------------------,AGTGCCTGAGGGAGTAAGAGCCC,AGTGCCTGAGGGAGTAAGAGCCC,chr7,32733002,32733024,96
hsa-miR-550a-3p,None,----------------------,TGTCTTACTCCCTCAGGCACAT,TGTCTTACTCCCTCAGGCACAT,chr7,30289854,30289875,64
hsa-let-7f-1-3p,None,----------------------,CTATACAATCTATTGCCTTCCC,CTATACAATCTATTGCCTTCCC,chr9,94176409,94176430,50
hsa-miR-548x-3p,None,--------------------,TAAAAACTGCAATTACTTTC,TAAAAACTGCAATTACTTTC,chr21,18686100,18686119,356
hsa-miR-101-5p,None,----------------------,CAGTTATCACAGTGCTGATGCT,CAGTTATCACAGTGCTGATGCT,chr1,65058477,65058498,39
hsa-miR-5682,None,----------------------,GTAGCACCTTGCAGGATAAGGT,GTAGCACCTTGCAGGATAAGGT,chr3,121049684,121049705,200
hsa-miR-548h-5p,None,----------------------,AAAAGTAATCGCGGTTTTTGTC,AAAAGTAATCGCGGTTTTTGTC,chr17,13543597,13543618,256
hsa-miR-548h-3p,None,-----------------------,CAAAAACCGCAATTACTTTTGCA,CAAAAACCGCAATTACTTTTGCA,chr8,27048871,27048893,105
hsa-miR-548g-5p,None,-----------------------,TGCAAAAGTAATTGCAGTTTTTG,TGCAAAAGTAATTGCAGTTTTTG,chr4,147344681,147344703,161
hsa-let-7f-5p,None,----------------------,TGAGGTAGTAGATTGTATAGTT,TGAGGTAGTAGATTGTATAGTT,chrX,53557246,53557267,59
hsa-let-7e-3p,None,----------------------,CTATACGGCCTCCTAGCTTTCC,CTATACGGCCTCCTAGCTTTCC,chr19,51692838,51692859,83
hsa-miR-548e-5p,None,----------------------,CAAAAGCAATCGCGGTTTTTGC,CAAAAGCAATCGCGGTTTTTGC,chr10,110988940,110988961,102
hsa-miR-548o-3p,None,----------------------,CCAAAACTGCAGTTACTTTTGC,CCAAAACTGCAGTTACTTTTGC,chr7,102405748,102405769,79
hsa-miR-4755-5p,None,----------------------,TTTCCCTTCAGAGCCTGGCTTT,TTTCCCTTCAGAGCCTGGCTTT,chr20,34049128,34049149,55
hsa-miR-519c-5p,None,----------------------,CTCTAGAGGGAAGCGCTTTCTG,CTCTAGAGGGAAGCGCTTTCTG,chr19,53686484,53686505,95
hsa-miR-519c-3p,None,----------------------,AAAGTGCATCTTTTTAGAGGAT,AAAGTGCATCTTTTTAGAGGAT,chr19,53686522,53686543,87
hsa-miR-4793-3p,None,-----------------------,TCTGCACTGTGAGTTGGCTGGCT,TCTGCACTGTGAGTTGGCTGGCT,chr3,48644201,48644223,96
hsa-miR-6834-5p,None,---------------------,GTGAGGGACTGGGATTTGTGG,GTGAGGGACTGGGATTTGTGG,chr6,33290245,33290265,68
hsa-miR-627-3p,None,--------------------,TCTTTTCTTTGAGACTCACT,TCTTTTCTTTGAGACTCACT,chr15,42199593,42199612,39
hsa-miR-4802-3p,None,-----------------------,TACATGGATGGAAACCTTCAAGC,TACATGGATGGAAACCTTCAAGC,chr4,40502051,40502073,39
hsa-miR-4802-5p,None,----------------------,TATGGAGGTTCTAGACCATGTT,TATGGAGGTTCTAGACCATGTT,chr4,40502086,40502107,52
hsa-miR-122b-5p,None,-----------------------,TTTAGTGTGATAATGGCGTTTGA,TTTAGTGTGATAATGGCGTTTGA,chr18,58451121,58451143,82
hsa-miR-483-3p,None,---------------------,TCACTCCTCTCCTCCCGTCTT,TCACTCCTCTCCTCCCGTCTT,chr11,2134142,2134162,125
hsa-miR-486-3p,None,---------------------,CGGGGCAGCTCAGTACAGGAT,CGGGGCAGCTCAGTACAGGAT,chr8,41660486,41660506,60
hsa-miR-625-3p,None,----------------------,GACTATAGAACTTTCCCCCTCA,GACTATAGAACTTTCCCCCTCA,chr14,65471153,65471174,131
hsa-miR-488-3p,None,---------------------,TTGAAAGGCTATTTCTTGGTC,TTGAAAGGCTATTTCTTGGTC,chr1,177029374,177029394,77
hsa-miR-488-5p,None,---------------------,CCCAGATAATGGCACTCTCAA,CCCAGATAATGGCACTCTCAA,chr1,177029412,177029432,84
hsa-miR-490-3p,None,----------------------,CAACCTGGAGGACTCCATGCTG,CAACCTGGAGGACTCCATGCTG,chr7,136903242,136903263,104
hsa-miR-615-5p,None,----------------------,GGGGGTCCCCGGTGCTCGGATC,GGGGGTCCCCGGTGCTCGGATC,chr12,54033967,54033988,90
hsa-miR-490-5p,None,--------------------,CCATGGATCTCCAGGTGGGT,CCATGGATCTCCAGGTGGGT,chr7,136903205,136903224,47
hsa-miR-615-3p,None,----------------------,TCCGAGCCTGGGTCTCCCTCTT,TCCGAGCCTGGGTCTCCCTCTT,chr12,54034010,54034031,54
hsa-miR-494-5p,None,-----------------------,AGGTTGTCCGTGTTGTCTTCTCT,AGGTTGTCCGTGTTGTCTTCTCT,chr14,101029648,101029670,50
hsa-miR-598-3p,None,----------------------,TACGTCATCGTTGTCATCGTCA,TACGTCATCGTTGTCATCGTCA,chr8,11035221,11035242,70
hsa-miR-106b-5p,None,---------------------,TAAAGTGCTGACAGTGCAGAT,TAAAGTGCTGACAGTGCAGAT,chr7,100094043,100094063,160
hsa-miR-5187-5p,None,----------------------,TGGGATGAGGGATTGAAGTGGA,TGGGATGAGGGATTGAAGTGGA,chr1,161227195,161227216,68
hsa-miR-514b-3p,None,---------------------,ATTGACACCTCTGTGAGTGGA,ATTGACACCTCTGTGAGTGGA,chrX,147250161,147250181,45
hsa-miR-514a-3p,None,---------------------,ATTGACACTTCTGTGAGTAGA,ATTGACACTTCTGTGAGTAGA,chrX,147281957,147281977,78
hsa-miR-513a-5p,None,------------------,TTCACAGGGAGGTGTCAT,TTCACAGGGAGGTGTCAT,chrX,147225900,147225917,85
hsa-let-7d-5p,None,----------------------,AGAGGTAGTAGGTTGCATAGTT,AGAGGTAGTAGGTTGCATAGTT,chr9,94178841,94178862,83
hsa-miR-590-3p,None,---------------------,TAATTTTATGTATAAGCTAGT,TAATTTTATGTATAAGCTAGT,chr7,74191253,74191273,121
hsa-miR-597-3p,None,-----------------------,TGGTTCTCTTGTGGCTCAAGCGT,TGGTTCTCTTGTGGCTCAAGCGT,chr8,9741729,9741751,183
hsa-miR-5004-3p,None,----------------------,CTTGGATTTTCCTGGGCCTCAG,CTTGGATTTTCCTGGGCCTCAG,chr6,33438397,33438418,161
hsa-miR-5000-3p,None,----------------------,TCAGGACACTTCTGAACTTGGA,TCAGGACACTTCTGAACTTGGA,chr2,75090873,75090894,36
hsa-miR-499a-5p,None,---------------------,TTAAGACTTGCAGTGATGTTT,TTAAGACTTGCAGTGATGTTT,chr20,34990408,34990428,64
hsa-let-7c-5p,None,----------------------,TGAGGTAGTAGGTTGTATGGTT,TGAGGTAGTAGGTTGTATGGTT,chr21,16539838,16539859,218
hsa-miR-495-3p,None,----------------------,AAACAAACATGGTGCACTTCTT,AAACAAACATGGTGCACTTCTT,chr14,101033804,101033825,95
hsa-miR-122-3p,None,----------------------,AACGCCATTATCACACTAAATA,AACGCCATTATCACACTAAATA,chr18,58451124,58451145,84
hsa-miR-508-3p,None,-----------------------,TGATTGTAGCCTTTTGGAGTAGA,TGATTGTAGCCTTTTGGAGTAGA,chrX,147236945,147236967,38
hsa-miR-3126-5p,None,----------------------,TGAGGGACAGATGCCAGAAGCA,TGAGGGACAGATGCCAGAAGCA,chr2,69103691,69103712,48
hsa-miR-1252-3p,None,----------------------,CAAATGAGCTTAATTTCCTTTT,CAAATGAGCTTAATTTCCTTTT,chr12,79419296,79419317,41
hsa-miR-194-5p,None,----------------------,TGTAACAGCAACTCCATGTGGA,TGTAACAGCAACTCCATGTGGA,chr11,64891404,64891425,62
hsa-miR-27a-3p,None,---------------------,TTCACAGTGGCTAAGTTCCGC,TTCACAGTGGCTAAGTTCCGC,chr19,13836447,13836467,59
hsa-miR-21-5p,None,----------------------,TAGCTTATCAGACTGATGTTGA,TAGCTTATCAGACTGATGTTGA,chr17,59841273,59841294,59
hsa-miR-7161-3p,None,----------------------------,TAGATCTTTGACTCTGGCAGTCTCCAGG,TAGATCTTTGACTCTGGCAGTCTCCAGG,chr6,158609763,158609790,44
hsa-miR-147b-3p,None,---------------------,GTGTGCGGAAATGCTTCTGCT,GTGTGCGGAAATGCTTCTGCT,chr15,45433098,45433118,325
hsa-miR-299-5p,None,----------------------,TGGTTTACCGTCCCACATACAT,TGGTTTACCGTCCCACATACAT,chr14,101023800,101023821,110
hsa-miR-942-3p,None,----------------------,CACATGGCCGAAACAGAGAAGT,CACATGGCCGAAACAGAGAAGT,chr1,117094695,117094716,44
hsa-miR-1287-5p,None,----------------------,TGCTGGATCAGTGGTTCGAGTC,TGCTGGATCAGTGGTTCGAGTC,chr10,98395271,98395292,55
hsa-miR-146b-5p,None,-----------------------,TGAGAACTGAATTCCATAGGCTG,TGAGAACTGAATTCCATAGGCTG,chr10,102436520,102436542,121
hsa-miR-29b-3p,None,-----------------------,TAGCACCATTTGAAATCAGTGTT,TAGCACCATTTGAAATCAGTGTT,chr7,130877467,130877489,55
hsa-miR-874-5p,None,-----------------------,CGGCCCCACGCACCAGGGTAAGA,CGGCCCCACGCACCAGGGTAAGA,chr5,137647618,137647640,55
hsa-miR-146b-3p,None,----------------------,GCCCTGTGGACTCAGTTCTGGT,GCCCTGTGGACTCAGTTCTGGT,chr10,102436557,102436578,79
hsa-miR-187-3p,None,----------------------,TCGTGTCTTGTGTTGCAGCCGG,TCGTGTCTTGTGTTGCAGCCGG,chr18,35904835,35904856,183
hsa-miR-21-3p,None,---------------------,CAACACCAGTCGATGGGCTGT,CAACACCAGTCGATGGGCTGT,chr17,59841311,59841331,110
hsa-miR-187-5p,None,----------------------,GGCTACAACACAGGACCCGGGC,GGCTACAACACAGGACCCGGGC,chr18,35904871,35904892,58
hsa-miR-18a-3p,None,-----------------------,ACTGCCCTAAGTGCTCCTTCTGG,ACTGCCCTAAGTGCTCCTTCTGG,chr13,91350797,91350819,160
hsa-miR-2116-5p,None,---------------------,GGTTCTTAGCATAGGAGGTCT,GGTTCTTAGCATAGGAGGTCT,chr15,59171229,59171249,44
hsa-miR-301b-3p,None,-----------------------,CAGTGCAATGATATTGTCAAAGC,CAGTGCAATGATATTGTCAAAGC,chr22,21653025,21653047,79
hsa-miR-148a-3p,None,----------------------,TCAGTGCACTACAGAACTTTGT,TCAGTGCACTACAGAACTTTGT,chr7,25949922,25949943,143
hsa-miR-302a-3p,None,-----------------------,TAAGTGCTTCCATGTTTTGGTGA,TAAGTGCTTCCATGTTTTGGTGA,chr4,112648186,112648208,44
hsa-let-7a-5p,None,----------------------,TGAGGTAGTAGGTTGTATAGTT,TGAGGTAGTAGGTTGTATAGTT,chr22,46112752,46112773,95
hsa-miR-192-3p,None,----------------------,CTGCCAATTCCATAGGTCACAG,CTGCCAATTCCATAGGTCACAG,chr11,64891159,64891180,41
hsa-miR-766-5p,None,----------------------,AGGAGGAATTGGTGCTGGTCTT,AGGAGGAATTGGTGCTGGTCTT,chrX,119646799,119646820,99
hsa-miR-1296-3p,None,----------------------,GAGTGGGGCTTCGACCCTAACC,GAGTGGGGCTTCGACCCTAACC,chr10,63372969,63372990,168
hsa-miR-212-5p,None,-----------------------,ACCTTGGCTCTAGACTGCTTACT,ACCTTGGCTCTAGACTGCTTACT,chr17,2050328,2050350,153
hsa-miR-873-5p,None,---------------------,GCAGGAACTTGTGAGTCTCCT,GCAGGAACTTGTGAGTCTCCT,chr9,28888925,28888945,59
hsa-miR-766-3p,None,----------------------,ACTCCAGCCCCACAGCCTCAGC,ACTCCAGCCCCACAGCCTCAGC,chrX,119646763,119646784,40
hsa-miR-185-5p,None,----------------------,TGGAGAGAAAGGCAGTTCCTGA,TGGAGAGAAAGGCAGTTCCTGA,chr22,20033153,20033174,55
hsa-miR-219a-1-3p,None,----------------------,AGAGTTGAGTCTGGACGTCCCG,AGAGTTGAGTCTGGACGTCCCG,chr6,33207896,33207917,44
hsa-miR-128-2-5p,None,-----------------------,GGGGGCCGATACACTGTACGAGA,GGGGGCCGATACACTGTACGAGA,chr3,35744490,35744512,168
hsa-miR-24-1-5p,None,----------------------,TGCCTACTGAGCTGATATCAGT,TGCCTACTGAGCTGATATCAGT,chr9,95086027,95086048,182
hsa-miR-15a-5p,None,----------------------,TAGCAGCACATAATGGTTTGTG,TAGCAGCACATAATGGTTTGTG,chr13,50049167,50049188,96
hsa-miR-155-5p,None,------------------------,TTAATGCTAATCGTGATAGGGGTT,TTAATGCTAATCGTGATAGGGGTT,chr21,25573983,25574006,77
hsa-miR-155-3p,None,----------------------,CTCCTACATATTAGCATTAACA,CTCCTACATATTAGCATTAACA,chr21,25574022,25574043,98
hsa-miR-941,None,-----------------------,CACCCGGCTGTGTGCACATGTGC,CACCCGGCTGTGTGCACATGTGC,chr20,63919607,63919629,197
hsa-miR-2116-3p,None,---------------------,CCTCCCATGCCAAGAACTCCC,CCTCCCATGCCAAGAACTCCC,chr15,59171192,59171212,44
hsa-miR-154-5p,None,----------------------,TAGGTTATCCGTGTTGCCTTCG,TAGGTTATCCGTGTTGCCTTCG,chr14,101059769,101059790,50
hsa-miR-2115-3p,None,----------------------,CATCAGAATTCATGGAGGCTAG,CATCAGAATTCATGGAGGCTAG,chr3,48316381,48316402,48
hsa-miR-2681-5p,None,----------------------,GTTTTACCACCTCCAGGAGACT,GTTTTACCACCTCCAGGAGACT,chr13,101967704,101967725,104
hsa-miR-186-5p,None,----------------------,CAAAGAATTCTCCTTTTGGGCT,CAAAGAATTCTCCTTTTGGGCT,chr1,71067681,71067702,142
hsa-miR-204-3p,None,---------------------,GCTGGGAAGGCAAAGGGACGT,GCTGGGAAGGCAAAGGGACGT,chr9,70809993,70810013,44
hsa-miR-144-5p,None,----------------------,GGATATCATCATATACTGTAAG,GGATATCATCATATACTGTAAG,chr17,28861583,28861604,50
hsa-miR-138-5p,None,-----------------------,AGCTGGTGTTGTGAATCAGGCCG,AGCTGGTGTTGTGAATCAGGCCG,chr3,44114234,44114256,64
hsa-miR-3085-3p,None,---------------------,TCTGGCTGCTATGGCCCCCTC,TCTGGCTGCTATGGCCCCCTC,chr10,97875824,97875844,153
hsa-miR-136-5p,None,-----------------------,ACTCCATTTGTTTTGATGATGGA,ACTCCATTTGTTTTGATGATGGA,chr14,100884716,100884738,83
hsa-miR-99a-5p,None,----------------------,AACCCGTAGATCCGATCTTGTG,AACCCGTAGATCCGATCTTGTG,chr21,16539101,16539122,58
hsa-miR-7-5p,None,------------------------,TGGAAGACTAGTGATTTTGTTGTT,TGGAAGACTAGTGATTTTGTTGTT,chr19,4770700,4770723,161
hsa-miR-3085-5p,None,-------------------------,AGGTGCCATTCTGAGGGCCAGGAGT,AGGTGCCATTCTGAGGGCCAGGAGT,chr10,97875860,97875884,96
hsa-miR-193b-3p,None,----------------------,AACTGGCCCTCAAAGTCCCGCT,AACTGGCCCTCAAAGTCCCGCT,chr16,14304017,14304038,59
hsa-miR-30c-1-3p,None,----------------------,CTGGGAGAGGGTTGTTTACTCC,CTGGGAGAGGGTTGTTTACTCC,chr1,40757339,40757360,52
hsa-miR-9-3p,None,----------------------,ATAAAGCTAGATAACCGAAAGT,ATAAAGCTAGATAACCGAAAGT,chr15,89368071,89368092,96
hsa-miR-1343-3p,None,----------------------,CTCCTGGGGCCCGCACTCTCGC,CTCCTGGGGCCCGCACTCTCGC,chr11,34941888,34941909,48
hsa-miR-130b-5p,None,---------------------,ACTCTTTCCCTGTTGCACTAC,ACTCTTTCCCTGTTGCACTAC,chr22,21653316,21653336,96
hsa-miR-129-2-3p,None,----------------------,AAGCCCTTACCCCAAAAAGCAT,AAGCCCTTACCCCAAAAAGCAT,chr11,43581450,43581471,36
hsa-miR-99b-3p,None,----------------------,CAAGCTCGTGTCTGTGGGTCCG,CAAGCTCGTGTCTGTGGGTCCG,chr19,51692656,51692677,50
hsa-miR-1914-3p,None,----------------------,GGAGGGGTCCCGCACTGGGAGG,GGAGGGGTCCCGCACTGGGAGG,chr20,63941474,63941495,105
hsa-miR-31-3p,None,----------------------,TGCTATGCCAACATATTGCCAT,TGCTATGCCAACATATTGCCAT,chr9,21512121,21512142,153
hsa-miR-7-1-3p,None,----------------------,CAACAAATCACAGTCTGCCATA,CAACAAATCACAGTCTGCCATA,chr9,83969771,83969792,87
hsa-miR-196a-5p,None,----------------------,TAGGTAGTTTCATGTTGTTGGG,TAGGTAGTTTCATGTTGTTGGG,chr17,48632532,48632553,206
hsa-miR-191-3p,None,----------------------,GCTGCGCTTGGATTTCGTCCCC,GCTGCGCTTGGATTTCGTCCCC,chr3,49020631,49020652,55
hsa-miR-17-5p,None,-----------------------,CAAAGTGCTTACAGTGCAGGTAG,CAAAGTGCTTACAGTGCAGGTAG,chr13,91350618,91350640,79
hsa-miR-139-5p,None,-----------------------,TCTACAGTGCACGTGTCTCCAGT,TCTACAGTGCACGTGTCTCCAGT,chr11,72615102,72615124,149
hsa-miR-7154-5p,None,-----------------------,TTCATGAACTGGGTCTAGCTTGG,TTCATGAACTGGGTCTAGCTTGG,chr11,45691754,45691776,223
hsa-miR-9-5p,None,-----------------------,TCTTTGGTTATCTAGCTGTATGA,TCTTTGGTTATCTAGCTGTATGA,chr15,89368032,89368054,227
hsa-miR-141-5p,None,----------------------,CATCTTCCAGTACAGTGTTGGA,CATCTTCCAGTACAGTGTTGGA,chr12,6964113,6964134,107
hsa-miR-302a-5p,None,-----------------------,ACTTAAACGTGGATGTACTTGCT,ACTTAAACGTGGATGTACTTGCT,chr4,112648224,112648246,44
hsa-miR-199a-3p,None,----------------------,ACAGTAGTCTGCACATTGGTTA,ACAGTAGTCTGCACATTGGTTA,chr19,10817429,10817450,153
hsa-miR-1306-3p,None,------------------,ACGTTGGCTCTGGTGGTG,ACGTTGGCTCTGGTGGTG,chr22,20086112,20086129,64
hsa-miR-7154-3p,None,--------------------,AGGAGGACAAGTTGTGGGAT,AGGAGGACAAGTTGTGGGAT,chr11,45691704,45691723,71
hsa-miR-3059-3p,None,----------------------,CCTCTAGGGAAGAGAAGGTTGG,CCTCTAGGGAAGAGAAGGTTGG,chr12,86745079,86745100,77
hsa-miR-3059-5p,None,------------------------,TTTCCTCTCTGCCCCATAGGGTGT,TTTCCTCTCTGCCCCATAGGGTGT,chr12,86745113,86745136,35
hsa-miR-190a-5p,None,----------------------,TGATATGTTTGATATATTAGGT,TGATATGTTTGATATATTAGGT,chr15,62823971,62823992,68
hsa-let-7a-3p,None,---------------------,CTATACAATCTACTGTCTTTC,CTATACAATCTACTGTCTTTC,chr9,94176013,94176033,50
hsa-miR-128-1-5p,None,-----------------------,CGGGGCCGTAGCACTGTCTGAGA,CGGGGCCGTAGCACTGTCTGAGA,chr2,135665411,135665433,41
hsa-miR-495-3p,Outside_Seed_region,---------G--------G---,AAACAAACATGGTGCACTTCTT,AAACAAACAGGGTGCACTGCTT,chr14,101033804,101033825,37
hsa-miR-186-5p,Outside_Seed_region,---------T--------A---,CAAAGAATTCTCCTTTTGGGCT,CAAAGAATTTTCCTTTTGAGCT,chr1,71067681,71067702,69
hsa-miR-1914-3p,Outside_Seed_region,---------T--------A---,GGAGGGGTCCCGCACTGGGAGG,GGAGGGGTCTCGCACTGGAAGG,chr20,63941474,63941495,70
hsa-miR-508-3p,Outside_Seed_region,-----------G------A----,TGATTGTAGCCTTTTGGAGTAGA,TGATTGTAGCCGTTTGGAATAGA,chrX,147236945,147236967,45
hsa-miR-490-3p,Outside_Seed_region,---------A--------A---,CAACCTGGAGGACTCCATGCTG,CAACCTGGAAGACTCCATACTG,chr7,136903242,136903263,70
hsa-miR-490-5p,Outside_Seed_region,---------G--------A-,CCATGGATCTCCAGGTGGGT,CCATGGATCGCCAGGTGGAT,chr7,136903205,136903224,43
hsa-miR-499a-5p,Outside_Seed_region,---------A--------G--,TTAAGACTTGCAGTGATGTTT,TTAAGACTTACAGTGATGGTT,chr20,34990408,34990428,43
hsa-miR-191-3p,Outside_Seed_region,---------A--------T---,GCTGCGCTTGGATTTCGTCCCC,GCTGCGCTTAGATTTCGTTCCC,chr3,49020631,49020652,37
hsa-miR-494-5p,Outside_Seed_region,-----------A------G----,AGGTTGTCCGTGTTGTCTTCTCT,AGGTTGTCCGTATTGTCTGCTCT,chr14,101029648,101029670,81
hsa-miR-615-5p,Outside_Seed_region,---------T--------A---,GGGGGTCCCCGGTGCTCGGATC,GGGGGTCCCTGGTGCTCGAATC,chr12,54033967,54033988,92
hsa-miR-488-3p,Outside_Seed_region,---------G--------A--,TTGAAAGGCTATTTCTTGGTC,TTGAAAGGCGATTTCTTGATC,chr1,177029374,177029394,63
hsa-miR-185-5p,Outside_Seed_region,---------C--------T---,TGGAGAGAAAGGCAGTTCCTGA,TGGAGAGAACGGCAGTTCTTGA,chr22,20033153,20033174,37
hsa-miR-5004-3p,Outside_Seed_region,---------G--------G---,CTTGGATTTTCCTGGGCCTCAG,CTTGGATTTGCCTGGGCCGCAG,chr6,33438397,33438418,81
hsa-miR-488-5p,Outside_Seed_region,---------G--------T--,CCCAGATAATGGCACTCTCAA,CCCAGATAAGGGCACTCTTAA,chr1,177029412,177029432,70
hsa-miR-597-3p,Outside_Seed_region,-----------G------C----,TGGTTCTCTTGTGGCTCAAGCGT,TGGTTCTCTTGGGGCTCACGCGT,chr8,9741729,9741751,123
hsa-miR-9-5p,Outside_Seed_region,-----------T------G----,TCTTTGGTTATCTAGCTGTATGA,TCTTTGGTTATTTAGCTGGATGA,chr15,89368032,89368054,109
hsa-miR-122-3p,Outside_Seed_region,---------C--------C---,AACGCCATTATCACACTAAATA,AACGCCATTCTCACACTACATA,chr18,58451124,58451145,69
hsa-miR-18a-3p,Outside_Seed_region,-----------G------G----,ACTGCCCTAAGTGCTCCTTCTGG,ACTGCCCTAAGGGCTCCTGCTGG,chr13,91350797,91350819,69
hsa-miR-532-3p,Outside_Seed_region,---------T--------G---,CCTCCCACACCCAAGGCTTGCA,CCTCCCACATCCAAGGCTGGCA,chrX,50003204,50003225,53
hsa-miR-106b-5p,Outside_Seed_region,---------A--------A--,TAAAGTGCTGACAGTGCAGAT,TAAAGTGCTAACAGTGCAAAT,chr7,100094043,100094063,118
hsa-miR-548av-3p,Outside_Seed_region,---------A--------A-,AAAACTGCAGTTACTTTTGC,AAAACTGCAATTACTTTTAC,chr18,72853321,72853340,70
hsa-miR-574-5p,Outside_Seed_region,-----------A------G----,TGAGTGTGTGTGTGTGAGTGTGT,TGAGTGTGTGTATGTGAGGGTGT,chr4,38868056,38868078,112
hsa-let-7g-3p,Outside_Seed_region,---------T--------G--,CTGTACAGGCCACTGCCTTGC,CTGTACAGGTCACTGCCTGGC,chr3,52268280,52268300,40
hsa-miR-548av-5p,Outside_Seed_region,--------GG--------,AAAAGTACTTGCGGATTT,AAAAGTACGGGCGGATTT,chr18,72853365,72853382,63
hsa-miR-139-5p,Outside_Seed_region,-----------T------T----,TCTACAGTGCACGTGTCTCCAGT,TCTACAGTGCATGTGTCTTCAGT,chr11,72615102,72615124,133
hsa-miR-548e-5p,Outside_Seed_region,---------G--------G---,CAAAAGCAATCGCGGTTTTTGC,CAAAAGCAAGCGCGGTTTGTGC,chr10,110988940,110988961,68
hsa-miR-1306-3p,Outside_Seed_region,--------GT--------,ACGTTGGCTCTGGTGGTG,ACGTTGGCGTTGGTGGTG,chr22,20086112,20086129,43
hsa-miR-99a-3p,Outside_Seed_region,---------G--------G---,CAAGCTCGCTTCTATGGGTCTG,CAAGCTCGCGTCTATGGGGCTG,chr21,16539138,16539159,112
hsa-miR-141-5p,Outside_Seed_region,---------A--------G---,CATCTTCCAGTACAGTGTTGGA,CATCTTCCAATACAGTGTGGGA,chr12,6964113,6964134,69
hsa-miR-548g-5p,Outside_Seed_region,-----------G------G----,TGCAAAAGTAATTGCAGTTTTTG,TGCAAAAGTAAGTGCAGTGTTTG,chr4,147344681,147344703,133
hsa-miR-548h-5p,Outside_Seed_region,---------T--------G---,AAAAGTAATCGCGGTTTTTGTC,AAAAGTAATTGCGGTTTTGGTC,chr17,13543597,13543618,116
hsa-miR-5682,Outside_Seed_region,---------G--------C---,GTAGCACCTTGCAGGATAAGGT,GTAGCACCTGGCAGGATACGGT,chr3,121049684,121049705,133
hsa-miR-548x-3p,Outside_Seed_region,---------T--------G-,TAAAAACTGCAATTACTTTC,TAAAAACTGTAATTACTTGC,chr21,18686100,18686119,108
hsa-miR-1343-3p,Outside_Seed_region,---------T--------G---,CTCCTGGGGCCCGCACTCTCGC,CTCCTGGGGTCCGCACTCGCGC,chr11,34941888,34941909,43
hsa-let-7f-1-3p,Outside_Seed_region,---------T--------G---,CTATACAATCTATTGCCTTCCC,CTATACAATTTATTGCCTGCCC,chr9,94176409,94176430,81
hsa-miR-550a-5p,Outside_Seed_region,-----------A------C----,AGTGCCTGAGGGAGTAAGAGCCC,AGTGCCTGAGGAAGTAAGCGCCC,chr7,32733002,32733024,40
hsa-miR-133a-5p,Outside_Seed_region,---------C--------C---,AGCTGGTAAAATGGAACCAAAT,AGCTGGTAACATGGAACCCAAT,chr20,62564933,62564954,37
hsa-miR-5583-3p,Outside_Seed_region,---------G--------G---,GAATATGGGTATATTAGTTTGG,GAATATGGGGATATTAGTGTGG,chr18,39676758,39676779,81
hsa-miR-138-5p,Outside_Seed_region,-----------G------A----,AGCTGGTGTTGTGAATCAGGCCG,AGCTGGTGTTGGGAATCAAGCCG,chr3,44114234,44114256,43
hsa-miR-548as-5p,Outside_Seed_region,---------G--------G---,AAAAGTAATTGCGGGTTTTGCC,AAAAGTAATGGCGGGTTTGGCC,chr13,92490163,92490184,70
hsa-miR-144-5p,Outside_Seed_region,---------T--------G---,GGATATCATCATATACTGTAAG,GGATATCATTATATACTGGAAG,chr17,28861583,28861604,40
hsa-miR-576-5p,Outside_Seed_region,---------G--------T---,ATTCTAATTTCTCCACGTCTTT,ATTCTAATTGCTCCACGTTTTT,chr4,109488713,109488734,69
hsa-miR-16-5p,Outside_Seed_region,---------A--------A---,TAGCAGCACGTAAATATTGGCG,TAGCAGCACATAAATATTAGCG,chr3,160404754,160404775,43
hsa-miR-514a-3p,Outside_Seed_region,---------G--------C--,ATTGACACTTCTGTGAGTAGA,ATTGACACTGCTGTGAGTCGA,chrX,147281957,147281977,91
hsa-miR-590-3p,Outside_Seed_region,---------A--------C--,TAATTTTATGTATAAGCTAGT,TAATTTTATATATAAGCTCGT,chr7,74191253,74191273,69
hsa-miR-1296-3p,Outside_Seed_region,---------G--------C---,GAGTGGGGCTTCGACCCTAACC,GAGTGGGGCGTCGACCCTCACC,chr10,63372969,63372990,112
hsa-miR-519c-3p,Outside_Seed_region,---------T--------A---,AAAGTGCATCTTTTTAGAGGAT,AAAGTGCATTTTTTTAGAAGAT,chr19,53686522,53686543,63
hsa-miR-154-5p,Outside_Seed_region,---------T--------G---,TAGGTTATCCGTGTTGCCTTCG,TAGGTTATCTGTGTTGCCGTCG,chr14,101059769,101059790,63
hsa-miR-519c-5p,Outside_Seed_region,---------A--------G---,CTCTAGAGGGAAGCGCTTTCTG,CTCTAGAGGAAAGCGCTTGCTG,chr19,53686484,53686505,70
hsa-miR-941,Outside_Seed_region,-----------A------G----,CACCCGGCTGTGTGCACATGTGC,CACCCGGCTGTATGCACAGGTGC,chr20,63919607,63919629,134
hsa-miR-584-3p,Outside_Seed_region,---------A--------A---,TCAGTTCCAGGCCAACCAGGCT,TCAGTTCCAAGCCAACCAAGCT,chr5,149062334,149062355,40
hsa-miR-148a-3p,Outside_Seed_region,---------G--------G---,TCAGTGCACTACAGAACTTTGT,TCAGTGCACGACAGAACTGTGT,chr7,25949922,25949943,31
hsa-let-7a-3p,Outside_Seed_region,---------T--------G--,CTATACAATCTACTGTCTTTC,CTATACAATTTACTGTCTGTC,chr9,94176013,94176033,63
hsa-miR-548a-3p,Outside_Seed_region,---------T--------G---,CAAAACTGGCAATTACTTTTGC,CAAAACTGGTAATTACTTGTGC,chr6,135239220,135239241,37
hsa-miR-147b-3p,Outside_Seed_region,---------C--------A--,GTGTGCGGAAATGCTTCTGCT,GTGTGCGGACATGCTTCTACT,chr15,45433098,45433118,69
hsa-miR-548ae-3p,Outside_Seed_region,---------T--------G--,CAAAAACTGCAATTACTTTCA,CAAAAACTGTAATTACTTGCA,chr5,58530047,58530067,43
hsa-miR-146b-5p,Outside_Seed_region,-----------G------A----,TGAGAACTGAATTCCATAGGCTG,TGAGAACTGAAGTCCATAAGCTG,chr10,102436520,102436542,81
hsa-miR-1-3p,Outside_Seed_region,---------C--------A---,TGGAATGTAAAGAAGTATGTAT,TGGAATGTACAGAAGTATATAT,chr20,62554351,62554372,43
hsa-miR-548ar-3p,Outside_Seed_region,---------C--------G--,TAAAACTGCAGTTATTTTTGC,TAAAACTGCCGTTATTTTGGC,chr13,114244541,114244561,63
hsa-miR-942-3p,Outside_Seed_region,---------A--------C---,CACATGGCCGAAACAGAGAAGT,CACATGGCCAAAACAGAGCAGT,chr1,117094695,117094716,37
hsa-miR-548as-3p,Outside_Seed_region,---------T--------G---,TAAAACCCACAATTATGTTTGT,TAAAACCCATAATTATGTGTGT,chr13,92490199,92490220,31
hsa-miR-513a-5p,Outside_Seed_region,--------AC--------,TTCACAGGGAGGTGTCAT,TTCACAGGACGGTGTCAT,chrX,147225900,147225917,101
hsa-miR-486-3p,Outside_Seed_region,---------G--------A--,CGGGGCAGCTCAGTACAGGAT,CGGGGCAGCGCAGTACAGAAT,chr8,41660486,41660506,92
hsa-miR-3126-5p,Outside_Seed_region,---------A--------C---,TGAGGGACAGATGCCAGAAGCA,TGAGGGACAAATGCCAGACGCA,chr2,69103691,69103712,43
hsa-miR-3622a-3p,Outside_Seed_region,---------T--------T---,TCACCTGACCTCCCATGCCTGT,TCACCTGACTTCCCATGCTTGT,chr8,27701726,27701747,69
hsa-miR-6514-3p,Outside_Seed_region,---------T--------T--,CTGCCTGTTCTTCCACTCCAG,CTGCCTGTTTTTCCACTCTAG,chr11,62792702,62792722,37
hsa-miR-338-3p,Outside_Seed_region,---------C--------A---,TCCAGCATCAGTGATTTTGTTG,TCCAGCATCCGTGATTTTATTG,chr17,81125887,81125908,37
hsa-let-7b-5p,Outside_Seed_region,---------C--------A---,TGAGGTAGTAGGTTGTGTGGTT,TGAGGTAGTCGGTTGTGTAGTT,chr22,46113691,46113712,70
hsa-miR-7154-5p,Outside_Seed_region,-----------A------T----,TTCATGAACTGGGTCTAGCTTGG,TTCATGAACTGAGTCTAGTTTGG,chr11,45691754,45691776,69
hsa-miR-33a-3p,Outside_Seed_region,---------T--------G---,CAATGTTTCCACAGTGCATCAC,CAATGTTTCTACAGTGCAGCAC,chr22,41900989,41901010,69
hsa-miR-1252-3p,Outside_Seed_region,---------G--------G---,CAAATGAGCTTAATTTCCTTTT,CAAATGAGCGTAATTTCCGTTT,chr12,79419296,79419317,40
hsa-miR-29b-3p,Outside_Seed_region,-----------A------A----,TAGCACCATTTGAAATCAGTGTT,TAGCACCATTTAAAATCAATGTT,chr7,130877467,130877489,63
hsa-miR-3605-3p,Outside_Seed_region,-----------T------G----,CCTCCGTGTTACCTGTCCTCTAG,CCTCCGTGTTATCTGTCCGCTAG,chr1,33332405,33332427,112
hsa-miR-6511a-5p,Outside_Seed_region,-----------A------C----,CAGGCAGAAGTGGGGCTGACAGG,CAGGCAGAAGTAGGGCTGCCAGG,chr16,16324592,16324614,40
hsa-miR-299-5p,Outside_Seed_region,---------A--------C---,TGGTTTACCGTCCCACATACAT,TGGTTTACCATCCCACATCCAT,chr14,101023800,101023821,69
hsa-miR-3613-5p,Outside_Seed_region,---------G--------A---,TGTTGTACTTTTTTTTTTGTTC,TGTTGTACTGTTTTTTTTATTC,chr13,49996465,49996486,37
hsa-miR-27a-3p,Outside_Seed_region,---------A--------T--,TTCACAGTGGCTAAGTTCCGC,TTCACAGTGACTAAGTTCTGC,chr19,13836447,13836467,43
hsa-miR-362-3p,Outside_Seed_region,---------C--------G---,AACACACCTATTCAAGGATTCA,AACACACCTCTTCAAGGAGTCA,chrX,50009005,50009026,62
hsa-miR-6511a-3p,Outside_Seed_region,---------T--------T---,CCTCACCATCCCTTCTGCCTGC,CCTCACCATTCCTTCTGCTTGC,chr16,16324631,16324652,133
hsa-miR-99b-3p,Outside_Seed_region,---------A--------G---,CAAGCTCGTGTCTGTGGGTCCG,CAAGCTCGTATCTGTGGGGCCG,chr19,51692656,51692677,40
hsa-miR-7161-3p,Outside_Seed_region,---------A-T----------------,TAGATCTTTGACTCTGGCAGTCTCCAGG,TAGATCTTTAATTCTGGCAGTCTCCAGG,chr6,158609763,158609790,70
hsa-miR-625-3p,Outside_Seed_region,---------C--------T---,GACTATAGAACTTTCCCCCTCA,GACTATAGACCTTTCCCCTTCA,chr14,65471153,65471174,31
hsa-miR-2681-5p,Outside_Seed_region,---------T--------A---,GTTTTACCACCTCCAGGAGACT,GTTTTACCATCTCCAGGAAACT,chr13,101967704,101967725,81
hsa-miR-365b-3p,Outside_Seed_region,---------G--------G---,TAATGCCCCTAAAAATCCTTAT,TAATGCCCCGAAAAATCCGTAT,chr17,31575478,31575499,69
hsa-miR-330-5p,Outside_Seed_region,---------T--------C---,TCTCTGGGCCTGTGTCTTAGGC,TCTCTGGGCTTGTGTCTTCGGC,chr19,45639049,45639070,69
hsa-miR-302a-3p,Outside_Seed_region,-----------C------A----,TAAGTGCTTCCATGTTTTGGTGA,TAAGTGCTTCCCTGTTTTAGTGA,chr4,112648186,112648208,40
hsa-miR-3200-5p,Outside_Seed_region,---------C--------C---,AATCTGAGAAGGCGCACAAGGT,AATCTGAGACGGCGCACACGGT,chr22,30731569,30731590,81
hsa-miR-128-1-5p,Outside_Seed_region,-----------T------G----,CGGGGCCGTAGCACTGTCTGAGA,CGGGGCCGTAGTACTGTCGGAGA,chr2,135665411,135665433,37
hsa-miR-31-3p,Outside_Seed_region,---------C--------T---,TGCTATGCCAACATATTGCCAT,TGCTATGCCCACATATTGTCAT,chr9,21512121,21512142,112
hsa-miR-3127-5p,Outside_Seed_region,-----------G------A----,ATCAGGGCTTGTGGAATGGGAAG,ATCAGGGCTTGGGGAATGAGAAG,chr2,96798288,96798310,69
hsa-miR-7-1-3p,Outside_Seed_region,---------C--------T---,CAACAAATCACAGTCTGCCATA,CAACAAATCCCAGTCTGCTATA,chr9,83969771,83969792,40
hsa-miR-30c-1-3p,Outside_Seed_region,---------A--------T---,CTGGGAGAGGGTTGTTTACTCC,CTGGGAGAGAGTTGTTTATTCC,chr1,40757339,40757360,43
hsa-miR-3130-3p,Outside_Seed_region,---------A--------G--,GCTGCACCGGAGACTGGGTAA,GCTGCACCGAAGACTGGGGAA,chr2,206783277,206783297,133
hsa-miR-6769a-3p,Outside_Seed_region,---------G--------T--,GAGCCCCTCTCTGCTCTCCAG,GAGCCCCTCGCTGCTCTCTAG,chr16,4671370,4671390,112
hsa-miR-3144-3p,Outside_Seed_region,---------G--------G---,ATATACCTGTTCGGTCTCTTTA,ATATACCTGGTCGGTCTCGTTA,chr6,120015226,120015247,31
hsa-miR-3144-5p,Outside_Seed_region,---------C--------C---,AGGGGACCAAAGAGATATATAG,AGGGGACCACAGAGATATCTAG,chr6,120015191,120015212,69
hsa-miR-3085-3p,Outside_Seed_region,---------G--------T--,TCTGGCTGCTATGGCCCCCTC,TCTGGCTGCGATGGCCCCTTC,chr10,97875824,97875844,70
hsa-miR-369-3p,Outside_Seed_region,---------G--------G--,AATAATACATGGTTGATCTTT,AATAATACAGGGTTGATCGTT,chr14,101065641,101065661,70
hsa-miR-125b-5p,Outside_Seed_region,---------T--------A---,TCCCTGAGACCCTAACTTGTGA,TCCCTGAGATCCTAACTTATGA,chr21,16590253,16590274,144
hsa-miR-7-5p,Outside_Seed_region,---------C-G------------,TGGAAGACTAGTGATTTTGTTGTT,TGGAAGACTCGGGATTTTGTTGTT,chr19,4770700,4770723,70
hsa-miR-3059-5p,Outside_Seed_region,---------G-T------------,TTTCCTCTCTGCCCCATAGGGTGT,TTTCCTCTCGGTCCCATAGGGTGT,chr12,86745113,86745136,34
hsa-miR-3158-3p,Outside_Seed_region,---------T--------A---,AAGGGCTTCCTCTCTGCAGGAC,AAGGGCTTCTTCTCTGCAAGAC,chr10,101601427,101601448,63
hsa-miR-6758-5p,Outside_Seed_region,-----------C------A----,TAGAGAGGGGAAGGATGTGATGT,TAGAGAGGGGACGGATGTAATGT,chr12,57512693,57512715,76
hsa-miR-3180-3p,Outside_Seed_region,---------A--------A---,TGGGGCGGAGCTTCCGGAGGCC,TGGGGCGGAACTTCCGGAAGCC,chr16,16309936,16309957,69
hsa-miR-3059-3p,Outside_Seed_region,---------C--------G---,CCTCTAGGGAAGAGAAGGTTGG,CCTCTAGGGCAGAGAAGGGTGG,chr12,86745079,86745100,76
hsa-miR-3180-5p,Outside_Seed_region,---------A-G-------------,CTTCCAGACGCTCCGCCCCACGTCG,CTTCCAGACACGCCGCCCCACGTCG,chr16,16309892,16309916,37
hsa-miR-302a-5p,Outside_Seed_region,-----------A------G----,ACTTAAACGTGGATGTACTTGCT,ACTTAAACGTGAATGTACGTGCT,chr4,112648224,112648246,37
hsa-miR-3194-5p,Outside_Seed_region,---------T--------T--,GGCCAGCCACCAGGAGGGCTG,GGCCAGCCATCAGGAGGGTTG,chr20,51452948,51452968,81
hsa-miR-3145-5p,Outside_Seed_region,---------T--------T---,AACTCCAAACACTCAAAACTCA,AACTCCAAATACTCAAAATTCA,chr6,138435262,138435283,63
hsa-miR-1249-5p,Outside_Seed_region,---------A-A------------,AGGAGGGAGGAGATGGGCCAAGTT,AGGAGGGAGAAAATGGGCCAAGTT,chr22,45200993,45201016,40
hsa-miR-561-3p,Outside_Seed_region,---------C--------C---,CAAAGTTTAAGATCCTTGAAGT,CAAAGTTTACGATCCTTGCAGT,chr2,188297552,188297573,40
hsa-miR-378a-5p,Outside_Seed_region,---------T--------A---,CTCCTGACTCCAGGTCCTGTGT,CTCCTGACTTCAGGTCCTATGT,chr5,149732829,149732850,133
hsa-miR-21-5p,Outside_Seed_region,---------C--------G---,TAGCTTATCAGACTGATGTTGA,TAGCTTATCCGACTGATGGTGA,chr17,59841273,59841294,43
hsa-miR-4524a-3p,Outside_Seed_region,---------T--------T---,TGAGACAGGCTTATGCTGCTAT,TGAGACAGGTTTATGCTGTTAT,chr17,69099570,69099591,31
hsa-miR-24-1-5p,Outside_Seed_region,---------C--------T---,TGCCTACTGAGCTGATATCAGT,TGCCTACTGCGCTGATATTAGT,chr9,95086027,95086048,68
hsa-miR-454-3p,Outside_Seed_region,-----------G------C----,TAGTGCAATATTGCTTATAGGGT,TAGTGCAATATGGCTTATCGGGT,chr17,59137787,59137809,70
hsa-miR-21-3p,Outside_Seed_region,---------G--------G--,CAACACCAGTCGATGGGCTGT,CAACACCAGGCGATGGGCGGT,chr17,59841311,59841331,81
hsa-miR-4661-5p,Outside_Seed_region,---------G--------G---,AACTAGCTCTGTGGATCCTGAC,AACTAGCTCGGTGGATCCGGAC,chr8,91205494,91205515,74
hsa-miR-874-5p,Outside_Seed_region,-----------C------G----,CGGCCCCACGCACCAGGGTAAGA,CGGCCCCACGCCCCAGGGGAAGA,chr5,137647618,137647640,37
hsa-miR-199a-3p,Outside_Seed_region,---------G--------A---,ACAGTAGTCTGCACATTGGTTA,ACAGTAGTCGGCACATTGATTA,chr19,10817429,10817450,112
hsa-miR-4749-5p,Outside_Seed_region,---------C--------T---,TGCGGGGACAGGCCAGGGCATC,TGCGGGGACCGGCCAGGGTATC,chr19,49854593,49854614,37
hsa-miR-627-5p,Outside_Seed_region,---------G--------C---,GTGAGTCTCTAAGAAAAGAGGA,GTGAGTCTCGAAGAAAAGCGGA,chr15,42199630,42199651,43
hsa-miR-1287-5p,Outside_Seed_region,---------C--------C---,TGCTGGATCAGTGGTTCGAGTC,TGCTGGATCCGTGGTTCGCGTC,chr10,98395271,98395292,40
hsa-miR-4755-5p,Outside_Seed_region,---------C--------T---,TTTCCCTTCAGAGCCTGGCTTT,TTTCCCTTCCGAGCCTGGTTTT,chr20,34049128,34049149,37
hsa-let-7c-3p,Outside_Seed_region,---------T--------G---,CTGTACAACCTTCTAGCTTTCC,CTGTACAACTTTCTAGCTGTCC,chr21,16539883,16539904,110
hsa-miR-127-5p,Outside_Seed_region,---------C--------G---,CTGAAGCTCAGAGGGCTCTGAT,CTGAAGCTCCGAGGGCTCGGAT,chr14,100883001,100883022,40
hsa-miR-4793-5p,Outside_Seed_region,---------G-T------------,ACATCCTGCTCCACAGGGCAGAGG,ACATCCTGCGCTACAGGGCAGAGG,chr3,48644239,48644262,69
hsa-miR-193b-3p,Outside_Seed_region,---------G--------T---,AACTGGCCCTCAAAGTCCCGCT,AACTGGCCCGCAAAGTCCTGCT,chr16,14304017,14304038,43
hsa-miR-122b-5p,Outside_Seed_region,-----------C------G----,TTTAGTGTGATAATGGCGTTTGA,TTTAGTGTGATCATGGCGGTTGA,chr18,58451121,58451143,71
hsa-miR-877-3p,Outside_Seed_region,---------T--------T--,TCCTCTTCTCCCTCCTCCCAG,TCCTCTTCTTCCTCCTCCTAG,chr6,30584397,30584417,43
hsa-miR-4802-5p,Outside_Seed_region,---------G--------G---,TATGGAGGTTCTAGACCATGTT,TATGGAGGTGCTAGACCAGGTT,chr4,40502086,40502107,43
hsa-miR-192-3p,Outside_Seed_region,---------T--------C---,CTGCCAATTCCATAGGTCACAG,CTGCCAATTTCATAGGTCCCAG,chr11,64891159,64891180,40
hsa-miR-483-3p,Outside_Seed_region,---------G--------T--,TCACTCCTCTCCTCCCGTCTT,TCACTCCTCGCCTCCCGTTTT,chr11,2134142,2134162,112
hsa-miR-629-5p,Outside_Seed_region,---------A--------C--,TGGGTTTACGTTGGGAGAACT,TGGGTTTACATTGGGAGACCT,chr15,70079427,70079447,133
hsa-miR-452-5p,Outside_Seed_region,---------T--------T---,AACTGTTTGCAGAGGAAACTGA,AACTGTTTGTAGAGGAAATTGA,chrX,151959678,151959699,100
hsa-miR-124-3p,Outside_Seed_region,---------T--------T---,TAAGGCACGCGGTGAATGCCAA,TAAGGCACGTGGTGAATGTCAA,chr8,9903399,9903420,69
hsa-miR-128-2-5p,Outside_Seed_region,-----------T------T----,GGGGGCCGATACACTGTACGAGA,GGGGGCCGATATACTGTATGAGA,chr3,35744490,35744512,112
hsa-miR-409-3p,Outside_Seed_region,---------G--------T---,GAATGTTGCTCGGTGAACCCCT,GAATGTTGCGCGGTGAACTCCT,chr14,101065346,101065367,43
hsa-miR-212-5p,Outside_Seed_region,-----------C------G----,ACCTTGGCTCTAGACTGCTTACT,ACCTTGGCTCTCGACTGCGTACT,chr17,2050328,2050350,63
hsa-miR-2116-5p,Outside_Seed_region,---------T--------G--,GGTTCTTAGCATAGGAGGTCT,GGTTCTTAGTATAGGAGGGCT,chr15,59171229,59171249,37
hsa-miR-3942-5p,Outside_Seed_region,---------G--------C---,AAGCAATACTGTTACCTGAAAT,AAGCAATACGGTTACCTGCAAT,chr15,35372321,35372342,112
hsa-miR-1249-3p,Outside_Seed_region,---------T--------G---,ACGCCCTTCCCCCCCTTCTTCA,ACGCCCTTCTCCCCCTTCGTCA,chr22,45200958,45200979,31
hsa-miR-4433b-3p,Outside_Seed_region,---------A--------T--,CAGGAGTGGGGGGTGGGACGT,CAGGAGTGGAGGGTGGGATGT,chr2,64340769,64340789,112
hsa-miR-2116-3p,Outside_Seed_region,---------T--------T--,CCTCCCATGCCAAGAACTCCC,CCTCCCATGTCAAGAACTTCC,chr15,59171192,59171212,40
hsa-let-7a-5p,Outside_Seed_region,---------C--------C---,TGAGGTAGTAGGTTGTATAGTT,TGAGGTAGTCGGTTGTATCGTT,chr22,46112752,46112773,63
hsa-miR-449b-3p,Outside_Seed_region,---------T--------T---,CAGCCACAACTACCCTGCCACT,CAGCCACAATTACCCTGCTACT,chr5,55170667,55170688,112
hsa-miR-6505-5p,Outside_Seed_region,---------A--------T---,TTGGAATAGGGGATATCTCAGC,TTGGAATAGAGGATATCTTAGC,chr12,48132800,48132821,47
hsa-let-7b-5p,Seed_region,-AC-------------------,TGAGGTAGTAGGTTGTGTGGTT,TACGGTAGTAGGTTGTGTGGTT,chr22,46113691,46113712,70
hsa-miR-6769a-3p,Seed_region,-CA------------------,GAGCCCCTCTCTGCTCTCCAG,GCACCCCTCTCTGCTCTCCAG,chr16,4671370,4671390,112
hsa-miR-874-5p,Seed_region,-AA--------------------,CGGCCCCACGCACCAGGGTAAGA,CAACCCCACGCACCAGGGTAAGA,chr5,137647618,137647640,37
hsa-miR-7-1-3p,Seed_region,-CC-------------------,CAACAAATCACAGTCTGCCATA,CCCCAAATCACAGTCTGCCATA,chr9,83969771,83969792,40
hsa-let-7c-3p,Seed_region,-GA-------------------,CTGTACAACCTTCTAGCTTTCC,CGATACAACCTTCTAGCTTTCC,chr21,16539883,16539904,110
hsa-miR-615-5p,Seed_region,-AA-------------------,GGGGGTCCCCGGTGCTCGGATC,GAAGGTCCCCGGTGCTCGGATC,chr12,54033967,54033988,92
hsa-miR-625-3p,Seed_region,-CT-------------------,GACTATAGAACTTTCCCCCTCA,GCTTATAGAACTTTCCCCCTCA,chr14,65471153,65471174,31
hsa-miR-584-3p,Seed_region,-TC-------------------,TCAGTTCCAGGCCAACCAGGCT,TTCGTTCCAGGCCAACCAGGCT,chr5,149062334,149062355,40
hsa-miR-99a-3p,Seed_region,-CC-------------------,CAAGCTCGCTTCTATGGGTCTG,CCCGCTCGCTTCTATGGGTCTG,chr21,16539138,16539159,112
hsa-miR-6505-5p,Seed_region,-GA-------------------,TTGGAATAGGGGATATCTCAGC,TGAGAATAGGGGATATCTCAGC,chr12,48132800,48132821,47
hsa-miR-561-3p,Seed_region,-CC-------------------,CAAAGTTTAAGATCCTTGAAGT,CCCAGTTTAAGATCCTTGAAGT,chr2,188297552,188297573,40
hsa-miR-7161-3p,Seed_region,-CA-------------------------,TAGATCTTTGACTCTGGCAGTCTCCAGG,TCAATCTTTGACTCTGGCAGTCTCCAGG,chr6,158609763,158609790,70
hsa-miR-6758-5p,Seed_region,-CA--------------------,TAGAGAGGGGAAGGATGTGATGT,TCAAGAGGGGAAGGATGTGATGT,chr12,57512693,57512715,76
hsa-miR-6511a-5p,Seed_region,-CA--------------------,CAGGCAGAAGTGGGGCTGACAGG,CCAGCAGAAGTGGGGCTGACAGG,chr16,16324592,16324614,40
hsa-miR-5682,Seed_region,-GC-------------------,GTAGCACCTTGCAGGATAAGGT,GGCGCACCTTGCAGGATAAGGT,chr3,121049684,121049705,133
hsa-miR-9-5p,Seed_region,-TG--------------------,TCTTTGGTTATCTAGCTGTATGA,TTGTTGGTTATCTAGCTGTATGA,chr15,89368032,89368054,109
hsa-miR-629-5p,Seed_region,-AA------------------,TGGGTTTACGTTGGGAGAACT,TAAGTTTACGTTGGGAGAACT,chr15,70079427,70079447,133
hsa-miR-597-3p,Seed_region,-AA--------------------,TGGTTCTCTTGTGGCTCAAGCGT,TAATTCTCTTGTGGCTCAAGCGT,chr8,9741729,9741751,123
hsa-miR-7154-5p,Seed_region,-GT--------------------,TTCATGAACTGGGTCTAGCTTGG,TGTATGAACTGGGTCTAGCTTGG,chr11,45691754,45691776,69
hsa-miR-942-3p,Seed_region,-CT-------------------,CACATGGCCGAAACAGAGAAGT,CCTATGGCCGAAACAGAGAAGT,chr1,117094695,117094716,37
hsa-miR-574-5p,Seed_region,-AC--------------------,TGAGTGTGTGTGTGTGAGTGTGT,TACGTGTGTGTGTGTGAGTGTGT,chr4,38868056,38868078,112
hsa-miR-941,Seed_region,-CT--------------------,CACCCGGCTGTGTGCACATGTGC,CCTCCGGCTGTGTGCACATGTGC,chr20,63919607,63919629,134
hsa-let-7a-5p,Seed_region,-AC-------------------,TGAGGTAGTAGGTTGTATAGTT,TACGGTAGTAGGTTGTATAGTT,chr22,46112752,46112773,63
hsa-miR-627-5p,Seed_region,-GA-------------------,GTGAGTCTCTAAGAAAAGAGGA,GGAAGTCTCTAAGAAAAGAGGA,chr15,42199630,42199651,43
hsa-miR-6511a-3p,Seed_region,-TG-------------------,CCTCACCATCCCTTCTGCCTGC,CTGCACCATCCCTTCTGCCTGC,chr16,16324631,16324652,133
hsa-let-7a-3p,Seed_region,-GC------------------,CTATACAATCTACTGTCTTTC,CGCTACAATCTACTGTCTTTC,chr9,94176013,94176033,63
hsa-miR-7-5p,Seed_region,-AA---------------------,TGGAAGACTAGTGATTTTGTTGTT,TAAAAGACTAGTGATTTTGTTGTT,chr19,4770700,4770723,70
hsa-miR-590-3p,Seed_region,-CC------------------,TAATTTTATGTATAAGCTAGT,TCCTTTTATGTATAAGCTAGT,chr7,74191253,74191273,69
hsa-miR-576-5p,Seed_region,-GG-------------------,ATTCTAATTTCTCCACGTCTTT,AGGCTAATTTCTCCACGTCTTT,chr4,109488713,109488734,69
hsa-miR-6514-3p,Seed_region,-GA------------------,CTGCCTGTTCTTCCACTCCAG,CGACCTGTTCTTCCACTCCAG,chr11,62792702,62792722,37
hsa-miR-877-3p,Seed_region,-TT------------------,TCCTCTTCTCCCTCCTCCCAG,TTTTCTTCTCCCTCCTCCCAG,chr6,30584397,30584417,43
hsa-miR-454-3p,Seed_region,-CA--------------------,TAGTGCAATATTGCTTATAGGGT,TCATGCAATATTGCTTATAGGGT,chr17,59137787,59137809,70
hsa-miR-550a-5p,Seed_region,-AG--------------------,AGTGCCTGAGGGAGTAAGAGCCC,AAGGCCTGAGGGAGTAAGAGCCC,chr7,32733002,32733024,40
hsa-miR-2681-5p,Seed_region,-GG-------------------,GTTTTACCACCTCCAGGAGACT,GGGTTACCACCTCCAGGAGACT,chr13,101967704,101967725,81
hsa-miR-27a-3p,Seed_region,-GT------------------,TTCACAGTGGCTAAGTTCCGC,TGTACAGTGGCTAAGTTCCGC,chr19,13836447,13836467,43
hsa-miR-299-5p,Seed_region,-AA-------------------,TGGTTTACCGTCCCACATACAT,TAATTTACCGTCCCACATACAT,chr14,101023800,101023821,69
hsa-miR-128-1-5p,Seed_region,-AA--------------------,CGGGGCCGTAGCACTGTCTGAGA,CAAGGCCGTAGCACTGTCTGAGA,chr2,135665411,135665433,37
hsa-miR-29b-3p,Seed_region,-CA--------------------,TAGCACCATTTGAAATCAGTGTT,TCACACCATTTGAAATCAGTGTT,chr7,130877467,130877489,63
hsa-miR-302a-3p,Seed_region,-CC--------------------,TAAGTGCTTCCATGTTTTGGTGA,TCCGTGCTTCCATGTTTTGGTGA,chr4,112648186,112648208,40
hsa-miR-302a-5p,Seed_region,-TG--------------------,ACTTAAACGTGGATGTACTTGCT,ATGTAAACGTGGATGTACTTGCT,chr4,112648224,112648246,37
hsa-miR-3059-3p,Seed_region,-TG-------------------,CCTCTAGGGAAGAGAAGGTTGG,CTGCTAGGGAAGAGAAGGTTGG,chr12,86745079,86745100,76
hsa-miR-3059-5p,Seed_region,-GG---------------------,TTTCCTCTCTGCCCCATAGGGTGT,TGGCCTCTCTGCCCCATAGGGTGT,chr12,86745113,86745136,34
hsa-miR-3085-3p,Seed_region,-TG------------------,TCTGGCTGCTATGGCCCCCTC,TTGGGCTGCTATGGCCCCCTC,chr10,97875824,97875844,70
hsa-miR-30c-1-3p,Seed_region,-GA-------------------,CTGGGAGAGGGTTGTTTACTCC,CGAGGAGAGGGTTGTTTACTCC,chr1,40757339,40757360,43
hsa-miR-127-5p,Seed_region,-GA-------------------,CTGAAGCTCAGAGGGCTCTGAT,CGAAAGCTCAGAGGGCTCTGAT,chr14,100883001,100883022,40
hsa-miR-31-3p,Seed_region,-AT-------------------,TGCTATGCCAACATATTGCCAT,TATTATGCCAACATATTGCCAT,chr9,21512121,21512142,112
hsa-miR-3126-5p,Seed_region,-AC-------------------,TGAGGGACAGATGCCAGAAGCA,TACGGGACAGATGCCAGAAGCA,chr2,69103691,69103712,43
hsa-miR-3127-5p,Seed_region,-GT--------------------,ATCAGGGCTTGTGGAATGGGAAG,AGTAGGGCTTGTGGAATGGGAAG,chr2,96798288,96798310,69
hsa-miR-3130-3p,Seed_region,-TG------------------,GCTGCACCGGAGACTGGGTAA,GTGGCACCGGAGACTGGGTAA,chr2,206783277,206783297,133
hsa-miR-125b-5p,Seed_region,-TT-------------------,TCCCTGAGACCCTAACTTGTGA,TTTCTGAGACCCTAACTTGTGA,chr21,16590253,16590274,144
hsa-miR-3144-3p,Seed_region,-GC-------------------,ATATACCTGTTCGGTCTCTTTA,AGCTACCTGTTCGGTCTCTTTA,chr6,120015226,120015247,31
hsa-miR-3144-5p,Seed_region,-AA-------------------,AGGGGACCAAAGAGATATATAG,AAAGGACCAAAGAGATATATAG,chr6,120015191,120015212,69
hsa-miR-3145-5p,Seed_region,-CT-------------------,AACTCCAAACACTCAAAACTCA,ACTTCCAAACACTCAAAACTCA,chr6,138435262,138435283,63
hsa-miR-3158-3p,Seed_region,-CA-------------------,AAGGGCTTCCTCTCTGCAGGAC,ACAGGCTTCCTCTCTGCAGGAC,chr10,101601427,101601448,63
hsa-miR-3180-3p,Seed_region,-AA-------------------,TGGGGCGGAGCTTCCGGAGGCC,TAAGGCGGAGCTTCCGGAGGCC,chr16,16309936,16309957,69
hsa-miR-3180-5p,Seed_region,-GG----------------------,CTTCCAGACGCTCCGCCCCACGTCG,CGGCCAGACGCTCCGCCCCACGTCG,chr16,16309892,16309916,37
hsa-miR-3194-5p,Seed_region,-AT------------------,GGCCAGCCACCAGGAGGGCTG,GATCAGCCACCAGGAGGGCTG,chr20,51452948,51452968,81
hsa-miR-3200-5p,Seed_region,-CG-------------------,AATCTGAGAAGGCGCACAAGGT,ACGCTGAGAAGGCGCACAAGGT,chr22,30731569,30731590,81
hsa-miR-24-1-5p,Seed_region,-AT-------------------,TGCCTACTGAGCTGATATCAGT,TATCTACTGAGCTGATATCAGT,chr9,95086027,95086048,68
hsa-miR-330-5p,Seed_region,-TG-------------------,TCTCTGGGCCTGTGTCTTAGGC,TTGCTGGGCCTGTGTCTTAGGC,chr19,45639049,45639070,69
hsa-miR-212-5p,Seed_region,-TT--------------------,ACCTTGGCTCTAGACTGCTTACT,ATTTTGGCTCTAGACTGCTTACT,chr17,2050328,2050350,63
hsa-miR-128-2-5p,Seed_region,-AA--------------------,GGGGGCCGATACACTGTACGAGA,GAAGGCCGATACACTGTACGAGA,chr3,35744490,35744512,112
hsa-miR-133a-5p,Seed_region,-AT-------------------,AGCTGGTAAAATGGAACCAAAT,AATTGGTAAAATGGAACCAAAT,chr20,62564933,62564954,37
hsa-miR-1343-3p,Seed_region,-GT-------------------,CTCCTGGGGCCCGCACTCTCGC,CGTCTGGGGCCCGCACTCTCGC,chr11,34941888,34941909,43
hsa-miR-1306-3p,Seed_region,-TA---------------,ACGTTGGCTCTGGTGGTG,ATATTGGCTCTGGTGGTG,chr22,20086112,20086129,43
hsa-miR-138-5p,Seed_region,-AT--------------------,AGCTGGTGTTGTGAATCAGGCCG,AATTGGTGTTGTGAATCAGGCCG,chr3,44114234,44114256,43
hsa-miR-139-5p,Seed_region,-TG--------------------,TCTACAGTGCACGTGTCTCCAGT,TTGACAGTGCACGTGTCTCCAGT,chr11,72615102,72615124,133
hsa-miR-141-5p,Seed_region,-CG-------------------,CATCTTCCAGTACAGTGTTGGA,CCGCTTCCAGTACAGTGTTGGA,chr12,6964113,6964134,69
hsa-miR-144-5p,Seed_region,-AC-------------------,GGATATCATCATATACTGTAAG,GACTATCATCATATACTGTAAG,chr17,28861583,28861604,40
hsa-miR-146b-5p,Seed_region,-AC--------------------,TGAGAACTGAATTCCATAGGCTG,TACGAACTGAATTCCATAGGCTG,chr10,102436520,102436542,81
hsa-miR-147b-3p,Seed_region,-GA------------------,GTGTGCGGAAATGCTTCTGCT,GGATGCGGAAATGCTTCTGCT,chr15,45433098,45433118,69
hsa-miR-148a-3p,Seed_region,-TC-------------------,TCAGTGCACTACAGAACTTTGT,TTCGTGCACTACAGAACTTTGT,chr7,25949922,25949943,31
hsa-miR-1296-3p,Seed_region,-CA-------------------,GAGTGGGGCTTCGACCCTAACC,GCATGGGGCTTCGACCCTAACC,chr10,63372969,63372990,112
hsa-miR-154-5p,Seed_region,-CA-------------------,TAGGTTATCCGTGTTGCCTTCG,TCAGTTATCCGTGTTGCCTTCG,chr14,101059769,101059790,63
hsa-miR-16-5p,Seed_region,-CA-------------------,TAGCAGCACGTAAATATTGGCG,TCACAGCACGTAAATATTGGCG,chr3,160404754,160404775,43
hsa-miR-185-5p,Seed_region,-AA-------------------,TGGAGAGAAAGGCAGTTCCTGA,TAAAGAGAAAGGCAGTTCCTGA,chr22,20033153,20033174,37
hsa-miR-186-5p,Seed_region,-CC-------------------,CAAAGAATTCTCCTTTTGGGCT,CCCAGAATTCTCCTTTTGGGCT,chr1,71067681,71067702,69
hsa-miR-18a-3p,Seed_region,-TG--------------------,ACTGCCCTAAGTGCTCCTTCTGG,ATGGCCCTAAGTGCTCCTTCTGG,chr13,91350797,91350819,69
hsa-miR-191-3p,Seed_region,-TG-------------------,GCTGCGCTTGGATTTCGTCCCC,GTGGCGCTTGGATTTCGTCCCC,chr3,49020631,49020652,37
hsa-miR-1914-3p,Seed_region,-AC-------------------,GGAGGGGTCCCGCACTGGGAGG,GACGGGGTCCCGCACTGGGAGG,chr20,63941474,63941495,70
hsa-miR-192-3p,Seed_region,-GA-------------------,CTGCCAATTCCATAGGTCACAG,CGACCAATTCCATAGGTCACAG,chr11,64891159,64891180,40
hsa-miR-1287-5p,Seed_region,-AT-------------------,TGCTGGATCAGTGGTTCGAGTC,TATTGGATCAGTGGTTCGAGTC,chr10,98395271,98395292,40
hsa-miR-193b-3p,Seed_region,-CT-------------------,AACTGGCCCTCAAAGTCCCGCT,ACTTGGCCCTCAAAGTCCCGCT,chr16,14304017,14304038,43
hsa-miR-199a-3p,Seed_region,-TC-------------------,ACAGTAGTCTGCACATTGGTTA,ATCGTAGTCTGCACATTGGTTA,chr19,10817429,10817450,112
hsa-miR-21-3p,Seed_region,-CC------------------,CAACACCAGTCGATGGGCTGT,CCCCACCAGTCGATGGGCTGT,chr17,59841311,59841331,81
hsa-miR-21-5p,Seed_region,-CA-------------------,TAGCTTATCAGACTGATGTTGA,TCACTTATCAGACTGATGTTGA,chr17,59841273,59841294,43
hsa-miR-2116-3p,Seed_region,-TG------------------,CCTCCCATGCCAAGAACTCCC,CTGCCCATGCCAAGAACTCCC,chr15,59171192,59171212,40
hsa-miR-2116-5p,Seed_region,-AG------------------,GGTTCTTAGCATAGGAGGTCT,GAGTCTTAGCATAGGAGGTCT,chr15,59171229,59171249,37
hsa-miR-5583-3p,Seed_region,-CC-------------------,GAATATGGGTATATTAGTTTGG,GCCTATGGGTATATTAGTTTGG,chr18,39676758,39676779,81
hsa-miR-1252-3p,Seed_region,-CC-------------------,CAAATGAGCTTAATTTCCTTTT,CCCATGAGCTTAATTTCCTTTT,chr12,79419296,79419317,40
hsa-miR-33a-3p,Seed_region,-CC-------------------,CAATGTTTCCACAGTGCATCAC,CCCTGTTTCCACAGTGCATCAC,chr22,41900989,41901010,69
hsa-miR-494-5p,Seed_region,-AA--------------------,AGGTTGTCCGTGTTGTCTTCTCT,AAATTGTCCGTGTTGTCTTCTCT,chr14,101029648,101029670,81
hsa-miR-495-3p,Seed_region,-CC-------------------,AAACAAACATGGTGCACTTCTT,ACCCAAACATGGTGCACTTCTT,chr14,101033804,101033825,37
hsa-miR-499a-5p,Seed_region,-GC------------------,TTAAGACTTGCAGTGATGTTT,TGCAGACTTGCAGTGATGTTT,chr20,34990408,34990428,43
hsa-miR-5004-3p,Seed_region,-GG-------------------,CTTGGATTTTCCTGGGCCTCAG,CGGGGATTTTCCTGGGCCTCAG,chr6,33438397,33438418,81
hsa-miR-508-3p,Seed_region,-AC--------------------,TGATTGTAGCCTTTTGGAGTAGA,TACTTGTAGCCTTTTGGAGTAGA,chrX,147236945,147236967,45
hsa-miR-106b-5p,Seed_region,-CC------------------,TAAAGTGCTGACAGTGCAGAT,TCCAGTGCTGACAGTGCAGAT,chr7,100094043,100094063,118
hsa-miR-513a-5p,Seed_region,-GT---------------,TTCACAGGGAGGTGTCAT,TGTACAGGGAGGTGTCAT,chrX,147225900,147225917,101
hsa-miR-514a-3p,Seed_region,-GG------------------,ATTGACACTTCTGTGAGTAGA,AGGGACACTTCTGTGAGTAGA,chrX,147281957,147281977,91
hsa-miR-519c-3p,Seed_region,-CC-------------------,AAAGTGCATCTTTTTAGAGGAT,ACCGTGCATCTTTTTAGAGGAT,chr19,53686522,53686543,63
hsa-miR-519c-5p,Seed_region,-GT-------------------,CTCTAGAGGGAAGCGCTTTCTG,CGTTAGAGGGAAGCGCTTTCTG,chr19,53686484,53686505,70
hsa-miR-532-3p,Seed_region,-TG-------------------,CCTCCCACACCCAAGGCTTGCA,CTGCCCACACCCAAGGCTTGCA,chrX,50003204,50003225,53
hsa-miR-548a-3p,Seed_region,-CC-------------------,CAAAACTGGCAATTACTTTTGC,CCCAACTGGCAATTACTTTTGC,chr6,135239220,135239241,37
hsa-miR-1-3p,Seed_region,-AA-------------------,TGGAATGTAAAGAAGTATGTAT,TAAAATGTAAAGAAGTATGTAT,chr20,62554351,62554372,43
hsa-miR-548ae-3p,Seed_region,-CC------------------,CAAAAACTGCAATTACTTTCA,CCCAAACTGCAATTACTTTCA,chr5,58530047,58530067,43
hsa-miR-548ar-3p,Seed_region,-CC------------------,TAAAACTGCAGTTATTTTTGC,TCCAACTGCAGTTATTTTTGC,chr13,114244541,114244561,63
hsa-miR-548as-3p,Seed_region,-CC-------------------,TAAAACCCACAATTATGTTTGT,TCCAACCCACAATTATGTTTGT,chr13,92490199,92490220,31
hsa-miR-548as-5p,Seed_region,-CC-------------------,AAAAGTAATTGCGGGTTTTGCC,ACCAGTAATTGCGGGTTTTGCC,chr13,92490163,92490184,70
hsa-let-7g-3p,Seed_region,-GA------------------,CTGTACAGGCCACTGCCTTGC,CGATACAGGCCACTGCCTTGC,chr3,52268280,52268300,40
hsa-miR-548av-3p,Seed_region,-CC-----------------,AAAACTGCAGTTACTTTTGC,ACCACTGCAGTTACTTTTGC,chr18,72853321,72853340,70
hsa-miR-548av-5p,Seed_region,-CC---------------,AAAAGTACTTGCGGATTT,ACCAGTACTTGCGGATTT,chr18,72853365,72853382,63
hsa-miR-548e-5p,Seed_region,-CC-------------------,CAAAAGCAATCGCGGTTTTTGC,CCCAAGCAATCGCGGTTTTTGC,chr10,110988940,110988961,68
hsa-miR-548g-5p,Seed_region,-AT--------------------,TGCAAAAGTAATTGCAGTTTTTG,TATAAAAGTAATTGCAGTTTTTG,chr4,147344681,147344703,133
hsa-miR-548h-5p,Seed_region,-CC-------------------,AAAAGTAATCGCGGTTTTTGTC,ACCAGTAATCGCGGTTTTTGTC,chr17,13543597,13543618,116
hsa-let-7f-1-3p,Seed_region,-GC-------------------,CTATACAATCTATTGCCTTCCC,CGCTACAATCTATTGCCTTCCC,chr9,94176409,94176430,81
hsa-miR-548x-3p,Seed_region,-CC-----------------,TAAAAACTGCAATTACTTTC,TCCAAACTGCAATTACTTTC,chr21,18686100,18686119,108
hsa-miR-490-5p,Seed_region,-TC-----------------,CCATGGATCTCCAGGTGGGT,CTCTGGATCTCCAGGTGGGT,chr7,136903205,136903224,43
hsa-miR-338-3p,Seed_region,-TT-------------------,TCCAGCATCAGTGATTTTGTTG,TTTAGCATCAGTGATTTTGTTG,chr17,81125887,81125908,37
hsa-miR-490-3p,Seed_region,-CC-------------------,CAACCTGGAGGACTCCATGCTG,CCCCCTGGAGGACTCCATGCTG,chr7,136903242,136903263,70
hsa-miR-122-3p,Seed_region,-CT-------------------,AACGCCATTATCACACTAAATA,ACTGCCATTATCACACTAAATA,chr18,58451124,58451145,69
hsa-miR-3605-3p,Seed_region,-TG--------------------,CCTCCGTGTTACCTGTCCTCTAG,CTGCCGTGTTACCTGTCCTCTAG,chr1,33332405,33332427,112
hsa-miR-3613-5p,Seed_region,-AG-------------------,TGTTGTACTTTTTTTTTTGTTC,TAGTGTACTTTTTTTTTTGTTC,chr13,49996465,49996486,37
hsa-miR-1249-5p,Seed_region,-AA---------------------,AGGAGGGAGGAGATGGGCCAAGTT,AAAAGGGAGGAGATGGGCCAAGTT,chr22,45200993,45201016,40
hsa-miR-362-3p,Seed_region,-CT-------------------,AACACACCTATTCAAGGATTCA,ACTACACCTATTCAAGGATTCA,chrX,50009005,50009026,62
hsa-miR-3622a-3p,Seed_region,-TC-------------------,TCACCTGACCTCCCATGCCTGT,TTCCCTGACCTCCCATGCCTGT,chr8,27701726,27701747,69
hsa-miR-365b-3p,Seed_region,-CC-------------------,TAATGCCCCTAAAAATCCTTAT,TCCTGCCCCTAAAAATCCTTAT,chr17,31575478,31575499,69
hsa-miR-369-3p,Seed_region,-CG------------------,AATAATACATGGTTGATCTTT,ACGAATACATGGTTGATCTTT,chr14,101065641,101065661,70
hsa-miR-378a-5p,Seed_region,-GT-------------------,CTCCTGACTCCAGGTCCTGTGT,CGTCTGACTCCAGGTCCTGTGT,chr5,149732829,149732850,133
hsa-miR-3942-5p,Seed_region,-CA-------------------,AAGCAATACTGTTACCTGAAAT,ACACAATACTGTTACCTGAAAT,chr15,35372321,35372342,112
hsa-miR-1249-3p,Seed_region,-TA-------------------,ACGCCCTTCCCCCCCTTCTTCA,ATACCCTTCCCCCCCTTCTTCA,chr22,45200958,45200979,31
hsa-miR-409-3p,Seed_region,-CC-------------------,GAATGTTGCTCGGTGAACCCCT,GCCTGTTGCTCGGTGAACCCCT,chr14,101065346,101065367,43
hsa-miR-4433b-3p,Seed_region,-CA------------------,CAGGAGTGGGGGGTGGGACGT,CCAGAGTGGGGGGTGGGACGT,chr2,64340769,64340789,112
hsa-miR-449b-3p,Seed_region,-CA-------------------,CAGCCACAACTACCCTGCCACT,CCACCACAACTACCCTGCCACT,chr5,55170667,55170688,112
hsa-miR-452-5p,Seed_region,-CT-------------------,AACTGTTTGCAGAGGAAACTGA,ACTTGTTTGCAGAGGAAACTGA,chrX,151959678,151959699,100
hsa-miR-124-3p,Seed_region,-CC-------------------,TAAGGCACGCGGTGAATGCCAA,TCCGGCACGCGGTGAATGCCAA,chr8,9903399,9903420,69
hsa-miR-4524a-3p,Seed_region,-AC-------------------,TGAGACAGGCTTATGCTGCTAT,TACGACAGGCTTATGCTGCTAT,chr17,69099570,69099591,31
hsa-miR-4661-5p,Seed_region,-CT-------------------,AACTAGCTCTGTGGATCCTGAC,ACTTAGCTCTGTGGATCCTGAC,chr8,91205494,91205515,74
hsa-miR-4749-5p,Seed_region,-AT-------------------,TGCGGGGACAGGCCAGGGCATC,TATGGGGACAGGCCAGGGCATC,chr19,49854593,49854614,37
hsa-miR-122b-5p,Seed_region,-GG--------------------,TTTAGTGTGATAATGGCGTTTGA,TGGAGTGTGATAATGGCGTTTGA,chr18,58451121,58451143,71
hsa-miR-4755-5p,Seed_region,-GG-------------------,TTTCCCTTCAGAGCCTGGCTTT,TGGCCCTTCAGAGCCTGGCTTT,chr20,34049128,34049149,37
hsa-miR-4793-5p,Seed_region,-TC---------------------,ACATCCTGCTCCACAGGGCAGAGG,ATCTCCTGCTCCACAGGGCAGAGG,chr3,48644239,48644262,69
hsa-miR-4802-5p,Seed_region,-CG-------------------,TATGGAGGTTCTAGACCATGTT,TCGGGAGGTTCTAGACCATGTT,chr4,40502086,40502107,43
hsa-miR-483-3p,Seed_region,-TC------------------,TCACTCCTCTCCTCCCGTCTT,TTCCTCCTCTCCTCCCGTCTT,chr11,2134142,2134162,112
hsa-miR-486-3p,Seed_region,-AA------------------,CGGGGCAGCTCAGTACAGGAT,CAAGGCAGCTCAGTACAGGAT,chr8,41660486,41660506,92
hsa-miR-488-3p,Seed_region,-GA------------------,TTGAAAGGCTATTTCTTGGTC,TGAAAAGGCTATTTCTTGGTC,chr1,177029374,177029394,63
hsa-miR-488-5p,Seed_region,-TT------------------,CCCAGATAATGGCACTCTCAA,CTTAGATAATGGCACTCTCAA,chr1,177029412,177029432,70
hsa-miR-99b-3p,Seed_region,-CC-------------------,CAAGCTCGTGTCTGTGGGTCCG,CCCGCTCGTGTCTGTGGGTCCG,chr19,51692656,51692677,40
